t1,ch1,t2,ch2
-375.0,1.9114048004150392,-374.999999875,0.00996368408203125
-374.5,1.9163816070556643,-374.499999875,0.00996368408203125
-374.0,1.9213584136962891,-373.999999875,0.00996368408203125
-373.5,1.9163816070556643,-373.499999875,0.00996368408203125
-373.0,1.9263352203369142,-372.999999875,0.00996368408203125
-372.5,1.9213584136962891,-372.499999875,0.004981842041015625
-372.0,1.9263352203369142,-371.999999875,0.0
-371.5,2.349363784790039,-371.499999875,0.004981842041015625
-371.0,2.8868589019775395,-370.999999875,0.004981842041015625
-370.5,3.235235366821289,-370.499999875,0.004981842041015625
-370.0,3.5039829254150394,-369.999999875,0.004981842041015625
-369.5,3.6931015777587892,-369.499999875,0.004981842041015625
-369.0,3.8324521636962894,-368.999999875,0.004981842041015625
-368.5,3.9319882965087896,-368.499999875,0.004981842041015625
-368.0,4.006640396118164,-367.999999875,0.004981842041015625
-367.5,4.066362075805665,-367.499999875,0.00996368408203125
-367.0,4.10119972229004,-366.999999875,0.004981842041015625
-366.5,4.126083755493164,-366.499999875,0.00996368408203125
-366.0,4.1360373687744145,-365.999999875,0.0
-365.5,4.155944595336915,-365.499999875,0.014945526123046875
-365.0,4.1708750152587895,-364.999999875,0.014945526123046875
-364.5,4.1708750152587895,-364.499999875,0.00996368408203125
-364.0,4.18082862854004,-363.999999875,0.004981842041015625
-363.5,4.18082862854004,-363.499999875,-0.004981842041015625
-363.0,4.1708750152587895,-362.999999875,0.00996368408203125
-362.5,4.185805435180664,-362.499999875,0.00996368408203125
-362.0,4.185805435180664,-361.999999875,0.004981842041015625
-361.5,4.175851821899414,-361.499999875,0.004981842041015625
-361.0,4.18082862854004,-360.999999875,0.014945526123046875
-360.5,4.18082862854004,-360.499999875,0.014945526123046875
-360.0,4.185805435180664,-359.999999875,0.004981842041015625
-359.5,4.185805435180664,-359.499999875,0.00996368408203125
-359.0,4.18082862854004,-358.999999875,0.00996368408203125
-358.5,4.175851821899414,-358.499999875,0.004981842041015625
-358.0,4.175851821899414,-357.999999875,0.0
-357.5,4.175851821899414,-357.499999875,0.00996368408203125
-357.0,4.165898208618164,-356.999999875,0.004981842041015625
-356.5,4.165898208618164,-356.499999875,0.00996368408203125
-356.0,4.155944595336915,-355.999999875,0.004981842041015625
-355.5,4.165898208618164,-355.499999875,0.00996368408203125
-355.0,4.165898208618164,-354.999999875,0.014945526123046875
-354.5,4.160921401977539,-354.499999875,0.014945526123046875
-354.0,4.155944595336915,-353.999999875,0.0
-353.5,4.165898208618164,-353.499999875,0.00996368408203125
-353.0,4.155944595336915,-352.999999875,0.004981842041015625
-352.5,4.160921401977539,-352.499999875,0.004981842041015625
-352.0,4.150967788696289,-351.999999875,0.00996368408203125
-351.5,4.155944595336915,-351.499999875,0.014945526123046875
-351.0,4.155944595336915,-350.999999875,0.014945526123046875
-350.5,4.145990982055665,-350.499999875,0.004981842041015625
-350.0,4.150967788696289,-349.999999875,0.00996368408203125
-349.5,4.141014175415039,-349.499999875,0.00996368408203125
-349.0,4.150967788696289,-348.999999875,0.00996368408203125
-348.5,4.145990982055665,-348.499999875,0.00996368408203125
-348.0,4.141014175415039,-347.999999875,0.014945526123046875
-347.5,4.141014175415039,-347.499999875,0.00996368408203125
-347.0,4.141014175415039,-346.999999875,0.00996368408203125
-346.5,4.126083755493164,-346.499999875,0.0
-346.0,4.1360373687744145,-345.999999875,0.004981842041015625
-345.5,4.126083755493164,-345.499999875,0.0
-345.0,4.126083755493164,-344.999999875,0.004981842041015625
-344.5,4.126083755493164,-344.499999875,0.004981842041015625
-344.0,4.12110694885254,-343.999999875,0.00996368408203125
-343.5,4.126083755493164,-343.499999875,0.004981842041015625
-343.0,4.12110694885254,-342.999999875,0.00996368408203125
-342.5,4.126083755493164,-342.499999875,0.004981842041015625
-342.0,4.12110694885254,-341.999999875,0.00996368408203125
-341.5,4.12110694885254,-341.499999875,0.00996368408203125
-341.0,4.12110694885254,-340.999999875,0.00996368408203125
-340.5,4.12110694885254,-340.499999875,0.004981842041015625
-340.0,4.12110694885254,-339.999999875,0.014945526123046875
-339.5,4.106176528930664,-339.499999875,0.00996368408203125
-339.0,4.11115333557129,-338.999999875,0.00996368408203125
-338.5,4.11115333557129,-338.499999875,0.00996368408203125
-338.0,4.106176528930664,-337.999999875,0.00996368408203125
-337.5,4.10119972229004,-337.499999875,0.00996368408203125
-337.0,4.106176528930664,-336.999999875,0.00996368408203125
-336.5,4.106176528930664,-336.499999875,0.004981842041015625
-336.0,4.11115333557129,-335.999999875,0.0199273681640625
-335.5,4.106176528930664,-335.499999875,0.00996368408203125
-335.0,4.106176528930664,-334.999999875,0.004981842041015625
-334.5,4.10119972229004,-334.499999875,0.004981842041015625
-334.0,4.10119972229004,-333.999999875,0.004981842041015625
-333.5,4.10119972229004,-333.499999875,0.0
-333.0,4.096222915649414,-332.999999875,0.004981842041015625
-332.5,4.096222915649414,-332.499999875,0.014945526123046875
-332.0,4.096222915649414,-331.999999875,0.0199273681640625
-331.5,4.096222915649414,-331.499999875,0.00996368408203125
-331.0,4.0912461090087895,-330.999999875,0.00996368408203125
-330.5,4.086269302368164,-330.499999875,0.004981842041015625
-330.0,4.071338882446289,-329.999999875,0.00996368408203125
-329.5,4.081292495727539,-329.499999875,0.004981842041015625
-329.0,4.081292495727539,-328.999999875,0.0
-328.5,4.0912461090087895,-328.499999875,0.014945526123046875
-328.0,4.086269302368164,-327.999999875,0.004981842041015625
-327.5,4.0912461090087895,-327.499999875,0.00996368408203125
-327.0,4.0912461090087895,-326.999999875,0.0199273681640625
-326.5,4.081292495727539,-326.499999875,0.0
-326.0,4.081292495727539,-325.999999875,0.004981842041015625
-325.5,4.061385269165039,-325.499999875,0.00996368408203125
-325.0,4.061385269165039,-324.999999875,0.00996368408203125
-324.5,4.066362075805665,-324.499999875,0.00996368408203125
-324.0,4.066362075805665,-323.999999875,0.00996368408203125
-323.5,4.056408462524415,-323.499999875,0.014945526123046875
-323.0,4.061385269165039,-322.999999875,0.00996368408203125
-322.5,4.0464548492431645,-322.499999875,0.00996368408203125
-322.0,4.066362075805665,-321.999999875,0.00996368408203125
-321.5,4.0464548492431645,-321.499999875,0.004981842041015625
-321.0,4.056408462524415,-320.999999875,0.004981842041015625
-320.5,4.056408462524415,-320.499999875,0.00996368408203125
-320.0,4.0464548492431645,-319.999999875,0.004981842041015625
-319.5,4.0464548492431645,-319.499999875,0.004981842041015625
-319.0,4.056408462524415,-318.999999875,0.00996368408203125
-318.5,4.051431655883789,-318.499999875,0.004981842041015625
-318.0,4.051431655883789,-317.999999875,0.00996368408203125
-317.5,4.051431655883789,-317.499999875,0.014945526123046875
-317.0,4.0464548492431645,-316.999999875,0.014945526123046875
-316.5,4.036501235961914,-316.499999875,0.0
-316.0,4.036501235961914,-315.999999875,0.004981842041015625
-315.5,4.0464548492431645,-315.499999875,0.00996368408203125
-315.0,4.036501235961914,-314.999999875,0.0
-314.5,4.026547622680664,-314.499999875,0.0
-314.0,4.036501235961914,-313.999999875,0.00996368408203125
-313.5,4.026547622680664,-313.499999875,0.00996368408203125
-313.0,4.03152442932129,-312.999999875,0.004981842041015625
-312.5,4.026547622680664,-312.499999875,0.004981842041015625
-312.0,4.02157081604004,-311.999999875,-0.004981842041015625
-311.5,4.026547622680664,-311.499999875,0.0
-311.0,4.036501235961914,-310.999999875,0.014945526123046875
-310.5,4.016594009399414,-310.499999875,-0.004981842041015625
-310.0,4.03152442932129,-309.999999875,0.00996368408203125
-309.5,4.02157081604004,-309.499999875,0.004981842041015625
-309.0,4.03152442932129,-308.999999875,0.014945526123046875
-308.5,4.0116172027587895,-308.499999875,0.004981842041015625
-308.0,4.006640396118164,-307.999999875,0.004981842041015625
-307.5,4.006640396118164,-307.499999875,0.014945526123046875
-307.0,4.006640396118164,-306.999999875,0.0
-306.5,4.016594009399414,-306.499999875,0.004981842041015625
-306.0,4.006640396118164,-305.999999875,0.004981842041015625
-305.5,4.0116172027587895,-305.499999875,0.004981842041015625
-305.0,4.006640396118164,-304.999999875,0.004981842041015625
-304.5,4.001663589477539,-304.499999875,0.0
-304.0,4.0116172027587895,-303.999999875,0.004981842041015625
-303.5,4.006640396118164,-303.499999875,0.00996368408203125
-303.0,3.9966867828369144,-302.999999875,0.0
-302.5,3.9966867828369144,-302.499999875,0.00996368408203125
-302.0,3.9966867828369144,-301.999999875,0.00996368408203125
-301.5,3.9917099761962893,-301.499999875,0.0
-301.0,3.9917099761962893,-300.999999875,0.00996368408203125
-300.5,3.9917099761962893,-300.499999875,0.00996368408203125
-300.0,3.9867331695556643,-299.999999875,0.014945526123046875
-299.5,3.9917099761962893,-299.499999875,0.014945526123046875
-299.0,3.9867331695556643,-298.999999875,0.004981842041015625
-298.5,3.9917099761962893,-298.499999875,0.004981842041015625
-298.0,3.976779556274414,-297.999999875,0.004981842041015625
-297.5,3.976779556274414,-297.499999875,0.014945526123046875
-297.0,3.9718027496337895,-296.999999875,0.00996368408203125
-296.5,3.976779556274414,-296.499999875,0.014945526123046875
-296.0,3.981756362915039,-295.999999875,0.004981842041015625
-295.5,3.976779556274414,-295.499999875,0.00996368408203125
-295.0,3.976779556274414,-294.999999875,0.004981842041015625
-294.5,3.976779556274414,-294.499999875,0.004981842041015625
-294.0,3.9718027496337895,-293.999999875,0.004981842041015625
-293.5,3.976779556274414,-293.499999875,0.00996368408203125
-293.0,3.976779556274414,-292.999999875,0.014945526123046875
-292.5,3.976779556274414,-292.499999875,0.00996368408203125
-292.0,3.9718027496337895,-291.999999875,0.00996368408203125
-291.5,3.9718027496337895,-291.499999875,0.00996368408203125
-291.0,3.981756362915039,-290.999999875,0.004981842041015625
-290.5,3.976779556274414,-290.499999875,0.00996368408203125
-290.0,3.9668259429931645,-289.999999875,0.00996368408203125
-289.5,3.9718027496337895,-289.499999875,0.00996368408203125
-289.0,3.9718027496337895,-288.999999875,0.014945526123046875
-288.5,3.9568723297119144,-288.499999875,0.00996368408203125
-288.0,3.9518955230712893,-287.999999875,0.004981842041015625
-287.5,3.9568723297119144,-287.499999875,0.014945526123046875
-287.0,3.9568723297119144,-286.999999875,0.00996368408203125
-286.5,3.9469187164306643,-286.499999875,0.0
-286.0,3.9568723297119144,-285.999999875,0.00996368408203125
-285.5,3.9618491363525394,-285.499999875,0.0199273681640625
-285.0,3.9518955230712893,-284.999999875,0.004981842041015625
-284.5,3.9469187164306643,-284.499999875,0.004981842041015625
-284.0,3.9518955230712893,-283.999999875,0.014945526123046875
-283.5,3.9518955230712893,-283.499999875,0.014945526123046875
-283.0,3.9419419097900392,-282.999999875,0.004981842041015625
-282.5,3.9568723297119144,-282.499999875,0.014945526123046875
-282.0,3.9469187164306643,-281.999999875,0.00996368408203125
-281.5,3.9469187164306643,-281.499999875,0.00996368408203125
-281.0,3.936965103149414,-280.999999875,0.00996368408203125
-280.5,3.9419419097900392,-280.499999875,0.00996368408203125
-280.0,3.9319882965087896,-279.999999875,0.004981842041015625
-279.5,3.9568723297119144,-279.499999875,0.00996368408203125
-279.0,3.9270114898681645,-278.999999875,0.0
-278.5,3.9419419097900392,-278.499999875,0.014945526123046875
-278.0,3.9319882965087896,-277.999999875,0.00996368408203125
-277.5,3.936965103149414,-277.499999875,0.004981842041015625
-277.0,3.9270114898681645,-276.999999875,0.004981842041015625
-276.5,3.9220346832275395,-276.499999875,0.0
-276.0,3.9170578765869144,-275.999999875,0.004981842041015625
-275.5,3.9319882965087896,-275.499999875,0.004981842041015625
-275.0,3.9170578765869144,-274.999999875,0.00996368408203125
-274.5,3.9220346832275395,-274.499999875,0.014945526123046875
-274.0,3.9120810699462893,-273.999999875,0.0
-273.5,3.9120810699462893,-273.499999875,0.004981842041015625
-273.0,3.9170578765869144,-272.999999875,0.004981842041015625
-272.5,3.9170578765869144,-272.499999875,0.004981842041015625
-272.0,3.9071042633056643,-271.999999875,0.004981842041015625
-271.5,3.9071042633056643,-271.499999875,0.00996368408203125
-271.0,3.9170578765869144,-270.999999875,0.0199273681640625
-270.5,3.9170578765869144,-270.499999875,0.00996368408203125
-270.0,3.9021274566650392,-269.999999875,0.004981842041015625
-269.5,3.9071042633056643,-269.499999875,0.00996368408203125
-269.0,3.9071042633056643,-268.999999875,0.00996368408203125
-268.5,3.9071042633056643,-268.499999875,0.0
-268.0,3.9071042633056643,-267.999999875,0.00996368408203125
-267.5,3.9021274566650392,-267.499999875,0.004981842041015625
-267.0,3.897150650024414,-266.999999875,0.00996368408203125
-266.5,3.9021274566650392,-266.499999875,0.004981842041015625
-266.0,3.897150650024414,-265.999999875,0.004981842041015625
-265.5,3.9021274566650392,-265.499999875,0.004981842041015625
-265.0,3.897150650024414,-264.999999875,0.004981842041015625
-264.5,3.8921738433837896,-264.499999875,0.00996368408203125
-264.0,3.8871970367431645,-263.999999875,0.014945526123046875
-263.5,3.897150650024414,-263.499999875,0.014945526123046875
-263.0,3.8822202301025395,-262.999999875,0.004981842041015625
-262.5,3.8871970367431645,-262.499999875,0.00996368408203125
-262.0,3.8871970367431645,-261.999999875,0.014945526123046875
-261.5,3.8921738433837896,-261.499999875,0.014945526123046875
-261.0,3.8921738433837896,-260.999999875,0.014945526123046875
-260.5,3.8871970367431645,-260.499999875,0.004981842041015625
-260.0,3.8871970367431645,-259.999999875,0.00996368408203125
-259.5,3.8871970367431645,-259.499999875,0.004981842041015625
-259.0,3.8822202301025395,-258.999999875,0.004981842041015625
-258.5,3.8772434234619144,-258.499999875,0.0
-258.0,3.8772434234619144,-257.999999875,0.004981842041015625
-257.5,3.8722666168212894,-257.499999875,0.00996368408203125
-257.0,3.8772434234619144,-256.999999875,0.00996368408203125
-256.5,3.8772434234619144,-256.499999875,0.004981842041015625
-256.0,3.8772434234619144,-255.999999875,0.014945526123046875
-255.5,3.8722666168212894,-255.499999875,0.004981842041015625
-255.0,3.8772434234619144,-254.999999875,0.0
-254.5,3.8672898101806643,-254.499999875,0.004981842041015625
-254.0,3.8722666168212894,-253.999999875,0.004981842041015625
-253.5,3.8722666168212894,-253.499999875,0.00996368408203125
-253.0,3.8722666168212894,-252.999999875,0.004981842041015625
-252.5,3.8672898101806643,-252.499999875,0.0
-252.0,3.8623130035400393,-251.999999875,0.014945526123046875
-251.5,3.8672898101806643,-251.499999875,0.004981842041015625
-251.0,3.8672898101806643,-250.999999875,0.004981842041015625
-250.5,3.8623130035400393,-250.499999875,0.004981842041015625
-250.0,3.8722666168212894,-249.999999875,0.00996368408203125
-249.5,3.857336196899414,-249.499999875,0.00996368408203125
-249.0,3.8623130035400393,-248.999999875,0.004981842041015625
-248.5,3.8623130035400393,-248.499999875,0.00996368408203125
-248.0,3.857336196899414,-247.999999875,0.00996368408203125
-247.5,3.852359390258789,-247.499999875,0.0
-247.0,3.8623130035400393,-246.999999875,0.0
-246.5,3.852359390258789,-246.499999875,0.004981842041015625
-246.0,3.852359390258789,-245.999999875,0.014945526123046875
-245.5,3.857336196899414,-245.499999875,0.004981842041015625
-245.0,3.8473825836181645,-244.999999875,0.014945526123046875
-244.5,3.852359390258789,-244.499999875,0.004981842041015625
-244.0,3.8473825836181645,-243.999999875,0.0199273681640625
-243.5,3.8473825836181645,-243.499999875,0.004981842041015625
-243.0,3.8473825836181645,-242.999999875,0.004981842041015625
-242.5,3.8424057769775395,-242.499999875,0.00996368408203125
-242.0,3.8424057769775395,-241.999999875,0.00996368408203125
-241.5,3.8374289703369144,-241.499999875,0.00996368408203125
-241.0,3.8324521636962894,-240.999999875,-0.004981842041015625
-240.5,3.8473825836181645,-240.499999875,0.004981842041015625
-240.0,3.8374289703369144,-239.999999875,0.014945526123046875
-239.5,3.8324521636962894,-239.499999875,0.00996368408203125
-239.0,3.8374289703369144,-238.999999875,0.00996368408203125
-238.5,3.8374289703369144,-238.499999875,0.00996368408203125
-238.0,3.8324521636962894,-237.999999875,0.004981842041015625
-237.5,3.8274753570556643,-237.499999875,0.014945526123046875
-237.0,3.8224985504150393,-236.999999875,0.00996368408203125
-236.5,3.8274753570556643,-236.499999875,0.014945526123046875
-236.0,3.8374289703369144,-235.999999875,0.00996368408203125
-235.5,3.8274753570556643,-235.499999875,0.00996368408203125
-235.0,3.8274753570556643,-234.999999875,0.004981842041015625
-234.5,3.8324521636962894,-234.499999875,0.00996368408203125
-234.0,3.8274753570556643,-233.999999875,0.014945526123046875
-233.5,3.8175217437744142,-233.499999875,0.00996368408203125
-233.0,3.812544937133789,-232.999999875,0.004981842041015625
-232.5,3.8274753570556643,-232.499999875,0.004981842041015625
-232.0,3.8224985504150393,-231.999999875,0.014945526123046875
-231.5,3.812544937133789,-231.499999875,0.014945526123046875
-231.0,3.812544937133789,-230.999999875,0.00996368408203125
-230.5,3.8075681304931646,-230.499999875,0.0
-230.0,3.812544937133789,-229.999999875,0.00996368408203125
-229.5,3.8025913238525395,-229.499999875,0.00996368408203125
-229.0,3.8025913238525395,-228.999999875,0.0
-228.5,3.8025913238525395,-228.499999875,0.00996368408203125
-228.0,3.8175217437744142,-227.999999875,0.0199273681640625
-227.5,3.8075681304931646,-227.499999875,0.014945526123046875
-227.0,3.8025913238525395,-226.999999875,0.00996368408203125
-226.5,3.7976145172119145,-226.499999875,0.014945526123046875
-226.0,3.8075681304931646,-225.999999875,0.00996368408203125
-225.5,3.8025913238525395,-225.499999875,0.0199273681640625
-225.0,3.7976145172119145,-224.999999875,0.014945526123046875
-224.5,3.8025913238525395,-224.499999875,0.00996368408203125
-224.0,3.8075681304931646,-223.999999875,0.014945526123046875
-223.5,3.7976145172119145,-223.499999875,0.00996368408203125
-223.0,3.7976145172119145,-222.999999875,0.004981842041015625
-222.5,3.7926377105712894,-222.499999875,0.00996368408203125
-222.0,3.7976145172119145,-221.999999875,0.0199273681640625
-221.5,3.7926377105712894,-221.499999875,0.014945526123046875
-221.0,3.7926377105712894,-220.999999875,0.014945526123046875
-220.5,3.7826840972900393,-220.499999875,0.00996368408203125
-220.0,3.7876609039306643,-219.999999875,0.004981842041015625
-219.5,3.7876609039306643,-219.499999875,0.0199273681640625
-219.0,3.7876609039306643,-218.999999875,0.00996368408203125
-218.5,3.7876609039306643,-218.499999875,0.00996368408203125
-218.0,3.7777072906494142,-217.999999875,0.0
-217.5,3.7777072906494142,-217.499999875,0.00996368408203125
-217.0,3.7876609039306643,-216.999999875,0.014945526123046875
-216.5,3.767753677368164,-216.499999875,0.004981842041015625
-216.0,3.7826840972900393,-215.999999875,0.014945526123046875
-215.5,3.7826840972900393,-215.499999875,0.00996368408203125
-215.0,3.7777072906494142,-214.999999875,0.004981842041015625
-214.5,3.7777072906494142,-214.499999875,0.004981842041015625
-214.0,3.7627768707275395,-213.999999875,0.00996368408203125
-213.5,3.7826840972900393,-213.499999875,0.00996368408203125
-213.0,3.7578000640869145,-212.999999875,0.014945526123046875
-212.5,3.7627768707275395,-212.499999875,0.004981842041015625
-212.0,3.767753677368164,-211.999999875,0.014945526123046875
-211.5,3.767753677368164,-211.499999875,0.014945526123046875
-211.0,3.7578000640869145,-210.999999875,0.014945526123046875
-210.5,3.7478464508056644,-210.499999875,0.004981842041015625
-210.0,3.7528232574462894,-209.999999875,0.00996368408203125
-209.5,3.7428696441650393,-209.499999875,0.00996368408203125
-209.0,3.7528232574462894,-208.999999875,0.014945526123046875
-208.5,3.7528232574462894,-208.499999875,0.014945526123046875
-208.0,3.7428696441650393,-207.999999875,0.004981842041015625
-207.5,3.7428696441650393,-207.499999875,0.0
-207.0,3.7478464508056644,-206.999999875,0.004981842041015625
-206.5,3.7528232574462894,-206.499999875,0.00996368408203125
-206.0,3.7478464508056644,-205.999999875,0.00996368408203125
-205.5,3.7428696441650393,-205.499999875,0.00996368408203125
-205.0,3.7378928375244143,-204.999999875,0.00996368408203125
-204.5,3.732916030883789,-204.499999875,0.014945526123046875
-204.0,3.732916030883789,-203.999999875,0.004981842041015625
-203.5,3.732916030883789,-203.499999875,0.0
-203.0,3.7378928375244143,-202.999999875,0.014945526123046875
-202.5,3.732916030883789,-202.499999875,0.00996368408203125
-202.0,3.7378928375244143,-201.999999875,0.014945526123046875
-201.5,3.732916030883789,-201.499999875,0.00996368408203125
-201.0,3.732916030883789,-200.999999875,0.00996368408203125
-200.5,3.7378928375244143,-200.499999875,0.00996368408203125
-200.0,3.7378928375244143,-199.999999875,0.00996368408203125
-199.5,3.732916030883789,-199.499999875,0.004981842041015625
-199.0,3.732916030883789,-198.999999875,0.004981842041015625
-198.5,3.732916030883789,-198.499999875,0.004981842041015625
-198.0,3.732916030883789,-197.999999875,0.014945526123046875
-197.5,3.732916030883789,-197.499999875,0.004981842041015625
-197.0,3.732916030883789,-196.999999875,0.0199273681640625
-196.5,3.732916030883789,-196.499999875,0.004981842041015625
-196.0,3.727939224243164,-195.999999875,0.004981842041015625
-195.5,3.732916030883789,-195.499999875,0.014945526123046875
-195.0,3.732916030883789,-194.999999875,0.0199273681640625
-194.5,3.727939224243164,-194.499999875,0.00996368408203125
-194.0,3.727939224243164,-193.999999875,0.0
-193.5,3.732916030883789,-193.499999875,0.0
-193.0,3.7229624176025395,-192.999999875,0.0
-192.5,3.727939224243164,-192.499999875,0.004981842041015625
-192.0,3.727939224243164,-191.999999875,-0.004981842041015625
-191.5,3.727939224243164,-191.499999875,0.004981842041015625
-191.0,3.727939224243164,-190.999999875,0.014945526123046875
-190.5,3.7229624176025395,-190.499999875,0.004981842041015625
-190.0,3.727939224243164,-189.999999875,0.004981842041015625
-189.5,3.7130088043212894,-189.499999875,0.00996368408203125
-189.0,3.7229624176025395,-188.999999875,0.004981842041015625
-188.5,3.7229624176025395,-188.499999875,0.0
-188.0,3.7179856109619145,-187.999999875,0.014945526123046875
-187.5,3.7130088043212894,-187.499999875,0.00996368408203125
-187.0,3.7179856109619145,-186.999999875,0.014945526123046875
-186.5,3.7229624176025395,-186.499999875,0.014945526123046875
-186.0,3.7130088043212894,-185.999999875,0.004981842041015625
-185.5,3.7179856109619145,-185.499999875,0.014945526123046875
-185.0,3.7179856109619145,-184.999999875,0.0199273681640625
-184.5,3.7179856109619145,-184.499999875,0.014945526123046875
-184.0,3.7229624176025395,-183.999999875,0.00996368408203125
-183.5,3.727939224243164,-183.499999875,0.014945526123046875
-183.0,3.7179856109619145,-182.999999875,0.004981842041015625
-182.5,3.7179856109619145,-182.499999875,0.014945526123046875
-182.0,3.7130088043212894,-181.999999875,0.014945526123046875
-181.5,3.7130088043212894,-181.499999875,0.0199273681640625
-181.0,3.7229624176025395,-180.999999875,0.0199273681640625
-180.5,3.7030551910400393,-180.499999875,0.00996368408203125
-180.0,3.7179856109619145,-179.999999875,0.024909210205078126
-179.5,3.7130088043212894,-179.499999875,0.0199273681640625
-179.0,3.7130088043212894,-178.999999875,0.014945526123046875
-178.5,3.7130088043212894,-178.499999875,0.0199273681640625
-178.0,3.7130088043212894,-177.999999875,0.024909210205078126
-177.5,3.6682175445556644,-177.499999875,0.024909210205078126
-177.0,3.4940293121337893,-176.999999875,0.014945526123046875
-176.5,3.359655532836914,-176.499999875,0.0199273681640625
-176.0,3.2999338531494145,-175.999999875,0.0199273681640625
-175.5,3.2601194000244145,-175.499999875,0.014945526123046875
-175.0,3.2153281402587894,-174.999999875,0.0
-174.5,3.1954209136962892,-174.499999875,0.00996368408203125
-174.0,3.185467300415039,-173.999999875,0.014945526123046875
-173.5,3.1705368804931644,-173.499999875,0.014945526123046875
-173.0,3.1655600738525393,-172.999999875,0.0199273681640625
-172.5,3.150629653930664,-172.499999875,0.00996368408203125
-172.0,3.1556064605712892,-171.999999875,0.014945526123046875
-171.5,3.150629653930664,-171.499999875,0.0199273681640625
-171.0,3.1406760406494145,-170.999999875,0.00996368408203125
-170.5,3.1356992340087895,-170.499999875,0.00996368408203125
-170.0,3.1207688140869143,-169.999999875,0.0
-169.5,3.1207688140869143,-169.499999875,0.014945526123046875
-169.0,3.1257456207275394,-168.999999875,0.014945526123046875
-168.5,3.1207688140869143,-168.499999875,0.004981842041015625
-168.0,3.1257456207275394,-167.999999875,0.00996368408203125
-167.5,3.1257456207275394,-167.499999875,0.014945526123046875
-167.0,3.1356992340087895,-166.999999875,0.0199273681640625
-166.5,3.1356992340087895,-166.499999875,0.014945526123046875
-166.0,3.1207688140869143,-165.999999875,0.0199273681640625
-165.5,3.1307224273681644,-165.499999875,0.00996368408203125
-165.0,3.1257456207275394,-164.999999875,0.024909210205078126
-164.5,3.1207688140869143,-164.499999875,0.014945526123046875
-164.0,3.105838394165039,-163.999999875,0.004981842041015625
-163.5,3.110815200805664,-163.499999875,0.0199273681640625
-163.0,3.110815200805664,-162.999999875,0.00996368408203125
-162.5,3.110815200805664,-162.499999875,0.00996368408203125
-162.0,3.1207688140869143,-161.999999875,0.014945526123046875
-161.5,3.105838394165039,-161.499999875,0.014945526123046875
-161.0,3.105838394165039,-160.999999875,0.004981842041015625
-160.5,3.100861587524414,-160.499999875,0.00996368408203125
-160.0,3.100861587524414,-159.999999875,0.00996368408203125
-159.5,3.110815200805664,-159.499999875,0.004981842041015625
-159.0,3.105838394165039,-158.999999875,0.024909210205078126
-158.5,3.110815200805664,-158.499999875,0.014945526123046875
-158.0,3.100861587524414,-157.999999875,0.00996368408203125
-157.5,3.110815200805664,-157.499999875,0.014945526123046875
-157.0,3.105838394165039,-156.999999875,0.014945526123046875
-156.5,3.0958847808837895,-156.499999875,0.014945526123046875
-156.0,3.100861587524414,-155.999999875,0.0199273681640625
-155.5,3.100861587524414,-155.499999875,0.014945526123046875
-155.0,3.100861587524414,-154.999999875,0.014945526123046875
-154.5,3.100861587524414,-154.499999875,0.0199273681640625
-154.0,3.100861587524414,-153.999999875,0.00996368408203125
-153.5,3.110815200805664,-153.499999875,0.014945526123046875
-153.0,3.110815200805664,-152.999999875,0.014945526123046875
-152.5,3.110815200805664,-152.499999875,0.0199273681640625
-152.0,3.0958847808837895,-151.999999875,0.00996368408203125
-151.5,3.0958847808837895,-151.499999875,0.00996368408203125
-151.0,3.100861587524414,-150.999999875,0.00996368408203125
-150.5,3.0958847808837895,-150.499999875,0.00996368408203125
-150.0,3.100861587524414,-149.999999875,0.014945526123046875
-149.5,3.100861587524414,-149.499999875,0.004981842041015625
-149.0,3.0958847808837895,-148.999999875,0.014945526123046875
-148.5,3.0958847808837895,-148.499999875,0.024909210205078126
-148.0,3.0958847808837895,-147.999999875,0.014945526123046875
-147.5,3.0958847808837895,-147.499999875,0.004981842041015625
-147.0,3.0958847808837895,-146.999999875,0.0199273681640625
-146.5,3.0958847808837895,-146.499999875,0.014945526123046875
-146.0,3.0958847808837895,-145.999999875,0.014945526123046875
-145.5,3.0958847808837895,-145.499999875,0.00996368408203125
-145.0,3.0958847808837895,-144.999999875,0.014945526123046875
-144.5,3.0958847808837895,-144.499999875,0.00996368408203125
-144.0,3.100861587524414,-143.999999875,0.014945526123046875
-143.5,3.0958847808837895,-143.499999875,0.014945526123046875
-143.0,3.0958847808837895,-142.999999875,0.004981842041015625
-142.5,3.0909079742431644,-142.499999875,0.004981842041015625
-142.0,3.0909079742431644,-141.999999875,0.0
-141.5,3.0958847808837895,-141.499999875,0.014945526123046875
-141.0,3.0958847808837895,-140.999999875,0.0199273681640625
-140.5,3.0958847808837895,-140.499999875,0.0199273681640625
-140.0,3.0909079742431644,-139.999999875,0.014945526123046875
-139.5,3.0909079742431644,-139.499999875,0.00996368408203125
-139.0,3.0909079742431644,-138.999999875,0.014945526123046875
-138.5,3.0909079742431644,-138.499999875,0.004981842041015625
-138.0,3.0958847808837895,-137.999999875,0.014945526123046875
-137.5,3.0859311676025394,-137.499999875,0.014945526123046875
-137.0,3.0958847808837895,-136.999999875,0.014945526123046875
-136.5,3.0909079742431644,-136.499999875,0.00996368408203125
-136.0,3.0909079742431644,-135.999999875,0.00996368408203125
-135.5,3.0909079742431644,-135.499999875,0.00996368408203125
-135.0,3.0958847808837895,-134.999999875,0.024909210205078126
-134.5,3.0958847808837895,-134.499999875,0.0199273681640625
-134.0,3.0958847808837895,-133.999999875,0.00996368408203125
-133.5,3.0909079742431644,-133.499999875,0.014945526123046875
-133.0,3.0958847808837895,-132.999999875,0.014945526123046875
-132.5,3.0909079742431644,-132.499999875,0.0199273681640625
-132.0,3.0909079742431644,-131.999999875,0.00996368408203125
-131.5,3.0859311676025394,-131.499999875,0.014945526123046875
-131.0,3.0909079742431644,-130.999999875,0.0199273681640625
-130.5,3.0909079742431644,-130.499999875,0.014945526123046875
-130.0,3.0859311676025394,-129.999999875,0.014945526123046875
-129.5,3.0958847808837895,-129.499999875,0.0199273681640625
-129.0,3.0909079742431644,-128.999999875,0.00996368408203125
-128.5,3.0909079742431644,-128.499999875,0.00996368408203125
-128.0,3.0909079742431644,-127.999999875,0.014945526123046875
-127.5,3.0859311676025394,-127.499999875,0.014945526123046875
-127.0,3.0809543609619143,-126.999999875,0.014945526123046875
-126.5,3.0909079742431644,-126.499999875,0.0199273681640625
-126.0,3.0909079742431644,-125.999999875,0.0199273681640625
-125.5,3.0909079742431644,-125.499999875,0.014945526123046875
-125.0,3.0859311676025394,-124.999999875,0.014945526123046875
-124.5,3.0909079742431644,-124.499999875,0.014945526123046875
-124.0,3.0909079742431644,-123.999999875,0.014945526123046875
-123.5,3.0859311676025394,-123.499999875,0.0199273681640625
-123.0,3.0859311676025394,-122.999999875,0.014945526123046875
-122.5,3.0859311676025394,-122.499999875,0.0199273681640625
-122.0,3.0809543609619143,-121.999999875,0.00996368408203125
-121.5,3.0909079742431644,-121.499999875,0.014945526123046875
-121.0,3.0909079742431644,-120.999999875,0.014945526123046875
-120.5,3.0859311676025394,-120.499999875,0.0199273681640625
-120.0,3.0909079742431644,-119.999999875,0.0199273681640625
-119.5,3.0809543609619143,-119.499999875,0.014945526123046875
-119.0,3.0909079742431644,-118.999999875,0.014945526123046875
-118.5,3.0859311676025394,-118.499999875,0.0199273681640625
-118.0,3.0809543609619143,-117.999999875,0.00996368408203125
-117.5,3.0859311676025394,-117.499999875,0.014945526123046875
-117.0,3.0859311676025394,-116.999999875,0.014945526123046875
-116.5,3.0759775543212893,-116.499999875,0.004981842041015625
-116.0,3.0809543609619143,-115.999999875,0.0199273681640625
-115.5,3.0809543609619143,-115.499999875,0.014945526123046875
-115.0,3.0710007476806642,-114.999999875,0.014945526123046875
-114.5,3.0809543609619143,-114.499999875,0.0199273681640625
-114.0,3.0710007476806642,-113.999999875,0.004981842041015625
-113.5,3.0710007476806642,-113.499999875,0.004981842041015625
-113.0,3.0710007476806642,-112.999999875,0.00996368408203125
-112.5,3.0759775543212893,-112.499999875,0.00996368408203125
-112.0,3.0809543609619143,-111.999999875,0.0199273681640625
-111.5,3.0759775543212893,-111.499999875,0.014945526123046875
-111.0,3.061047134399414,-110.999999875,0.00996368408203125
-110.5,3.066023941040039,-110.499999875,-0.004981842041015625
-110.0,3.066023941040039,-109.999999875,0.004981842041015625
-109.5,3.0759775543212893,-109.499999875,0.0199273681640625
-109.0,3.066023941040039,-108.999999875,0.00996368408203125
-108.5,3.0710007476806642,-108.499999875,0.014945526123046875
-108.0,3.066023941040039,-107.999999875,0.014945526123046875
-107.5,3.066023941040039,-107.499999875,0.004981842041015625
-107.0,3.066023941040039,-106.999999875,0.00996368408203125
-106.5,3.0710007476806642,-106.499999875,0.004981842041015625
-106.0,3.066023941040039,-105.999999875,0.014945526123046875
-105.5,3.0710007476806642,-105.499999875,0.00996368408203125
-105.0,3.0510935211181645,-104.999999875,0.004981842041015625
-104.5,3.0510935211181645,-104.499999875,0.0
-104.0,3.0710007476806642,-103.999999875,0.00996368408203125
-103.5,3.061047134399414,-103.499999875,0.014945526123046875
-103.0,3.0510935211181645,-102.999999875,0.004981842041015625
-102.5,3.061047134399414,-102.499999875,0.0
-102.0,3.0560703277587895,-101.999999875,0.0
-101.5,3.0560703277587895,-101.499999875,0.004981842041015625
-101.0,3.0560703277587895,-100.999999875,0.014945526123046875
-100.5,3.0560703277587895,-100.499999875,0.014945526123046875
-100.0,3.0560703277587895,-99.999999875,0.00996368408203125
-99.5,3.061047134399414,-99.499999875,0.00996368408203125
-99.0,3.061047134399414,-98.999999875,0.014945526123046875
-98.5,3.0560703277587895,-98.499999875,0.00996368408203125
-98.0,3.0560703277587895,-97.999999875,0.0
-97.5,3.0560703277587895,-97.499999875,0.014945526123046875
-97.0,3.0510935211181645,-96.999999875,0.014945526123046875
-96.5,3.0560703277587895,-96.499999875,0.00996368408203125
-96.0,3.0560703277587895,-95.999999875,0.00996368408203125
-95.5,3.0461167144775394,-95.499999875,0.0
-95.0,3.0461167144775394,-94.999999875,0.00996368408203125
-94.5,3.0560703277587895,-94.499999875,0.00996368408203125
-94.0,3.061047134399414,-93.999999875,0.004981842041015625
-93.5,3.0510935211181645,-93.499999875,0.00996368408203125
-93.0,3.0560703277587895,-92.999999875,0.014945526123046875
-92.5,3.0560703277587895,-92.499999875,0.014945526123046875
-92.0,3.0510935211181645,-91.999999875,0.014945526123046875
-91.5,3.0510935211181645,-91.499999875,0.00996368408203125
-91.0,3.0510935211181645,-90.999999875,0.004981842041015625
-90.5,3.0510935211181645,-90.499999875,0.014945526123046875
-90.0,3.0510935211181645,-89.999999875,0.00996368408203125
-89.5,3.0510935211181645,-89.499999875,0.00996368408203125
-89.0,3.0461167144775394,-88.999999875,0.014945526123046875
-88.5,3.0560703277587895,-88.499999875,0.014945526123046875
-88.0,3.0411399078369143,-87.999999875,0.004981842041015625
-87.5,3.0461167144775394,-87.499999875,0.0
-87.0,3.0560703277587895,-86.999999875,0.0199273681640625
-86.5,3.0461167144775394,-86.499999875,0.004981842041015625
-86.0,3.0461167144775394,-85.999999875,0.004981842041015625
-85.5,3.0461167144775394,-85.499999875,0.00996368408203125
-85.0,3.0411399078369143,-84.999999875,0.00996368408203125
-84.5,3.0461167144775394,-84.499999875,0.00996368408203125
-84.0,3.0510935211181645,-83.999999875,0.004981842041015625
-83.5,3.0411399078369143,-83.499999875,0.00996368408203125
-83.0,3.0510935211181645,-82.999999875,0.00996368408203125
-82.5,3.0411399078369143,-82.499999875,0.0
-82.0,3.0510935211181645,-81.999999875,0.00996368408203125
-81.5,3.0461167144775394,-81.499999875,0.00996368408203125
-81.0,3.0411399078369143,-80.999999875,0.00996368408203125
-80.5,3.0361631011962893,-80.499999875,0.00996368408203125
-80.0,3.0461167144775394,-79.999999875,0.0
-79.5,3.0411399078369143,-79.499999875,0.00996368408203125
-79.0,3.0361631011962893,-78.999999875,0.004981842041015625
-78.5,3.0411399078369143,-78.499999875,0.00996368408203125
-78.0,3.026209487915039,-77.999999875,0.004981842041015625
-77.5,3.0411399078369143,-77.499999875,0.00996368408203125
-77.0,3.0361631011962893,-76.999999875,0.004981842041015625
-76.5,3.0411399078369143,-76.499999875,0.00996368408203125
-76.0,3.0361631011962893,-75.999999875,0.00996368408203125
-75.5,3.0361631011962893,-75.499999875,0.014945526123046875
-75.0,3.0311862945556642,-74.999999875,0.00996368408203125
-74.5,3.0311862945556642,-74.499999875,0.00996368408203125
-74.0,3.0411399078369143,-73.999999875,0.00996368408203125
-73.5,3.0361631011962893,-73.499999875,0.00996368408203125
-73.0,3.026209487915039,-72.999999875,0.014945526123046875
-72.5,3.0311862945556642,-72.499999875,0.00996368408203125
-72.0,3.0361631011962893,-71.999999875,0.00996368408203125
-71.5,3.0361631011962893,-71.499999875,0.004981842041015625
-71.0,3.0361631011962893,-70.999999875,0.014945526123046875
-70.5,3.0311862945556642,-70.499999875,0.004981842041015625
-70.0,3.0311862945556642,-69.999999875,0.00996368408203125
-69.5,3.0361631011962893,-69.499999875,0.00996368408203125
-69.0,3.0361631011962893,-68.999999875,0.004981842041015625
-68.5,3.0361631011962893,-68.499999875,0.004981842041015625
-68.0,3.0311862945556642,-67.999999875,0.00996368408203125
-67.5,3.026209487915039,-67.499999875,0.00996368408203125
-67.0,3.0311862945556642,-66.999999875,0.00996368408203125
-66.5,3.021232681274414,-66.499999875,0.004981842041015625
-66.0,3.0361631011962893,-65.999999875,0.00996368408203125
-65.5,3.016255874633789,-65.499999875,0.0
-65.0,3.0311862945556642,-64.999999875,0.014945526123046875
-64.5,3.021232681274414,-64.499999875,0.0
-64.0,3.021232681274414,-63.999999875,0.004981842041015625
-63.5,3.026209487915039,-63.499999875,0.004981842041015625
-63.0,3.016255874633789,-62.999999875,0.00996368408203125
-62.5,3.0311862945556642,-62.499999875,0.00996368408203125
-62.0,3.021232681274414,-61.999999875,0.00996368408203125
-61.5,3.026209487915039,-61.499999875,0.014945526123046875
-61.0,3.021232681274414,-60.999999875,0.004981842041015625
-60.5,3.016255874633789,-60.499999875,0.0
-60.0,3.026209487915039,-59.999999875,0.00996368408203125
-59.5,3.021232681274414,-59.499999875,0.004981842041015625
-59.0,3.021232681274414,-58.999999875,0.00996368408203125
-58.5,3.021232681274414,-58.499999875,0.004981842041015625
-58.0,3.0112790679931645,-57.999999875,0.004981842041015625
-57.5,3.021232681274414,-57.499999875,0.00996368408203125
-57.0,3.016255874633789,-56.999999875,0.00996368408203125
-56.5,3.0112790679931645,-56.499999875,0.004981842041015625
-56.0,3.016255874633789,-55.999999875,0.00996368408203125
-55.5,3.0063022613525394,-55.499999875,0.00996368408203125
-55.0,3.016255874633789,-54.999999875,0.00996368408203125
-54.5,3.0112790679931645,-54.499999875,0.00996368408203125
-54.0,3.021232681274414,-53.999999875,0.00996368408203125
-53.5,3.021232681274414,-53.499999875,0.00996368408203125
-53.0,3.026209487915039,-52.999999875,0.014945526123046875
-52.5,3.016255874633789,-52.499999875,0.0
-52.0,3.016255874633789,-51.999999875,0.00996368408203125
-51.5,3.016255874633789,-51.499999875,0.0
-51.0,3.0013254547119144,-50.999999875,0.0
-50.5,3.0112790679931645,-50.499999875,0.004981842041015625
-50.0,3.0112790679931645,-49.999999875,0.00996368408203125
-49.5,3.016255874633789,-49.499999875,0.004981842041015625
-49.0,3.016255874633789,-48.999999875,0.004981842041015625
-48.5,3.016255874633789,-48.499999875,0.004981842041015625
-48.0,3.0063022613525394,-47.999999875,0.004981842041015625
-47.5,3.016255874633789,-47.499999875,0.00996368408203125
-47.0,3.0063022613525394,-46.999999875,0.00996368408203125
-46.5,3.026209487915039,-46.499999875,0.0199273681640625
-46.0,3.0063022613525394,-45.999999875,0.004981842041015625
-45.5,3.0112790679931645,-45.499999875,0.00996368408203125
-45.0,3.016255874633789,-44.999999875,0.0199273681640625
-44.5,3.016255874633789,-44.499999875,0.014945526123046875
-44.0,3.0013254547119144,-43.999999875,0.004981842041015625
-43.5,3.0013254547119144,-43.499999875,0.004981842041015625
-43.0,3.0063022613525394,-42.999999875,0.004981842041015625
-42.5,3.0013254547119144,-42.499999875,0.004981842041015625
-42.0,3.0063022613525394,-41.999999875,0.004981842041015625
-41.5,3.0013254547119144,-41.499999875,0.00996368408203125
-41.0,3.0063022613525394,-40.999999875,0.00996368408203125
-40.5,2.9963486480712893,-40.499999875,0.00996368408203125
-40.0,3.0013254547119144,-39.999999875,0.00996368408203125
-39.5,2.9963486480712893,-39.499999875,0.0
-39.0,3.0112790679931645,-38.999999875,0.00996368408203125
-38.5,3.0013254547119144,-38.499999875,0.00996368408203125
-38.0,3.0112790679931645,-37.999999875,0.0199273681640625
-37.5,2.9963486480712893,-37.499999875,0.004981842041015625
-37.0,3.0063022613525394,-36.999999875,0.004981842041015625
-36.5,3.0063022613525394,-36.499999875,0.004981842041015625
-36.0,3.0013254547119144,-35.999999875,0.00996368408203125
-35.5,3.0013254547119144,-35.499999875,0.00996368408203125
-35.0,3.0013254547119144,-34.999999875,0.00996368408203125
-34.5,3.0013254547119144,-34.499999875,0.00996368408203125
-34.0,2.9913718414306643,-33.999999875,0.00996368408203125
-33.5,2.9963486480712893,-33.499999875,0.00996368408203125
-33.0,2.9963486480712893,-32.999999875,0.014945526123046875
-32.5,2.9913718414306643,-32.499999875,0.0
-32.0,2.9913718414306643,-31.999999875,0.0
-31.5,3.0013254547119144,-31.499999875,0.00996368408203125
-31.0,3.0013254547119144,-30.999999875,0.004981842041015625
-30.5,2.9913718414306643,-30.499999875,0.00996368408203125
-30.0,2.9913718414306643,-29.999999875,0.004981842041015625
-29.5,3.0063022613525394,-29.499999875,0.00996368408203125
-29.0,2.9913718414306643,-28.999999875,0.014945526123046875
-28.5,3.0013254547119144,-28.499999875,0.024909210205078126
-28.0,2.9913718414306643,-27.999999875,0.0
-27.5,2.9913718414306643,-27.499999875,0.004981842041015625
-27.0,2.9913718414306643,-26.999999875,0.00996368408203125
-26.5,2.9913718414306643,-26.499999875,0.0199273681640625
-26.0,2.986395034790039,-25.999999875,0.0
-25.5,2.986395034790039,-25.499999875,0.0
-25.0,2.986395034790039,-24.999999875,0.004981842041015625
-24.5,2.986395034790039,-24.499999875,0.00996368408203125
-24.0,2.986395034790039,-23.999999875,0.0
-23.5,2.986395034790039,-23.499999875,0.004981842041015625
-23.0,2.986395034790039,-22.999999875,0.004981842041015625
-22.5,2.9913718414306643,-22.499999875,0.00996368408203125
-22.0,2.986395034790039,-21.999999875,0.014945526123046875
-21.5,2.9913718414306643,-21.499999875,0.014945526123046875
-21.0,2.9913718414306643,-20.999999875,0.004981842041015625
-20.5,2.986395034790039,-20.499999875,0.004981842041015625
-20.0,2.986395034790039,-19.999999875,0.004981842041015625
-19.5,2.976441421508789,-19.499999875,0.0
-19.0,2.981418228149414,-18.999999875,0.0
-18.5,2.9913718414306643,-18.499999875,0.004981842041015625
-18.0,2.9913718414306643,-17.999999875,0.00996368408203125
-17.5,2.981418228149414,-17.499999875,0.0
-17.0,2.981418228149414,-16.999999875,0.014945526123046875
-16.5,2.986395034790039,-16.499999875,0.014945526123046875
-16.0,2.981418228149414,-15.999999875,0.00996368408203125
-15.5,2.9664878082275394,-15.499999875,0.004981842041015625
-15.0,2.9913718414306643,-14.999999875,0.014945526123046875
-14.5,2.976441421508789,-14.499999875,0.004981842041015625
-14.0,2.981418228149414,-13.999999875,0.00996368408203125
-13.5,2.981418228149414,-13.499999875,0.00996368408203125
-13.0,2.976441421508789,-12.999999875,0.0
-12.5,2.9714646148681645,-12.499999875,0.0
-12.0,2.9714646148681645,-11.999999875,0.004981842041015625
-11.5,2.9714646148681645,-11.499999875,0.004981842041015625
-11.0,2.976441421508789,-10.999999875,0.004981842041015625
-10.5,2.981418228149414,-10.499999875,0.014945526123046875
-10.0,2.976441421508789,-9.999999875,0.00996368408203125
-9.5,2.981418228149414,-9.499999875,0.00996368408203125
-9.0,2.9714646148681645,-8.999999875,0.0
-8.5,2.9664878082275394,-8.499999875,0.004981842041015625
-8.0,2.976441421508789,-7.999999875,0.004981842041015625
-7.5,2.976441421508789,-7.499999875,0.00996368408203125
-7.0,2.9615110015869144,-6.999999875,0.0
-6.5,2.9714646148681645,-6.499999875,0.00996368408203125
-6.0,2.9714646148681645,-5.999999875,0.014945526123046875
-5.5,2.976441421508789,-5.499999875,0.014945526123046875
-5.0,2.9664878082275394,-4.999999875,0.00996368408203125
-4.5,2.9714646148681645,-4.499999875,0.00996368408203125
-4.0,2.9664878082275394,-3.999999875,0.00996368408203125
-3.5,2.9714646148681645,-3.499999875,0.004981842041015625
-3.0,2.9664878082275394,-2.999999875,0.00996368408203125
-2.5,2.9714646148681645,-2.499999875,0.00996368408203125
-2.0,2.9664878082275394,-1.999999875,0.0
-1.5,2.9714646148681645,-1.499999875,0.00996368408203125
-1.0,2.9714646148681645,-0.999999875,0.014945526123046875
-0.5,2.9664878082275394,-0.499999875,0.00996368408203125
0.0,2.9565341949462893,1.25e-07,0.004981842041015625
0.5,2.9714646148681645,0.500000125,0.00996368408203125
1.0,2.9615110015869144,1.000000125,0.004981842041015625
1.5,2.9664878082275394,1.500000125,0.004981842041015625
2.0,1.9014511871337891,2.000000125,0.004981842041015625
2.5,1.9114048004150392,2.500000125,0.004981842041015625
3.0,1.9064279937744142,3.000000125,0.004981842041015625
3.5,1.9064279937744142,3.500000125,0.0
4.0,1.9114048004150392,4.000000125,0.014945526123046875
4.5,1.9014511871337891,4.500000125,0.014945526123046875
5.0,1.9014511871337891,5.000000125,0.0
5.5,1.9014511871337891,5.500000125,0.0
6.0,1.9014511871337891,6.000000125,-0.004981842041015625
6.5,1.9064279937744142,6.500000125,0.00996368408203125
7.0,1.9064279937744142,7.000000125,0.004981842041015625
7.5,1.9064279937744142,7.500000125,0.00996368408203125
8.0,1.9114048004150392,8.000000125,0.004981842041015625
8.5,1.9114048004150392,8.500000125,0.00996368408203125
9.0,1.9014511871337891,9.000000125,0.00996368408203125
9.5,1.9114048004150392,9.500000125,0.014945526123046875
10.0,1.9163816070556643,10.000000125,0.00996368408203125
10.5,1.9114048004150392,10.500000125,0.004981842041015625
11.0,1.9014511871337891,11.000000125,0.00996368408203125
11.5,1.9114048004150392,11.500000125,0.004981842041015625
12.0,1.9064279937744142,12.000000125,0.014945526123046875
12.5,1.9064279937744142,12.500000125,0.00996368408203125
13.0,1.9114048004150392,13.000000125,0.004981842041015625
13.5,1.9114048004150392,13.500000125,0.00996368408203125
14.0,1.9064279937744142,14.000000125,0.00996368408203125
14.5,1.9114048004150392,14.500000125,0.004981842041015625
15.0,1.9213584136962891,15.000000125,0.004981842041015625
15.5,1.9114048004150392,15.500000125,0.00996368408203125
16.0,1.9064279937744142,16.000000125,0.004981842041015625
16.5,1.9064279937744142,16.500000125,0.014945526123046875
17.0,1.9114048004150392,17.000000125,0.00996368408203125
17.5,1.9064279937744142,17.500000125,0.00996368408203125
18.0,1.9114048004150392,18.000000125,0.00996368408203125
18.5,1.9114048004150392,18.500000125,0.00996368408203125
19.0,1.9163816070556643,19.000000125,0.00996368408203125
19.5,1.9163816070556643,19.500000125,0.014945526123046875
20.0,1.9114048004150392,20.000000125,0.004981842041015625
20.5,1.9064279937744142,20.500000125,0.004981842041015625
21.0,1.9114048004150392,21.000000125,0.004981842041015625
21.5,1.9014511871337891,21.500000125,0.004981842041015625
22.0,1.9064279937744142,22.000000125,0.014945526123046875
22.5,1.9114048004150392,22.500000125,0.004981842041015625
23.0,1.9064279937744142,23.000000125,0.004981842041015625
23.5,1.9114048004150392,23.500000125,0.00996368408203125
24.0,1.9114048004150392,24.000000125,0.0199273681640625
24.5,1.9114048004150392,24.500000125,0.00996368408203125
25.0,1.9114048004150392,25.000000125,0.00996368408203125
25.5,1.9114048004150392,25.500000125,0.00996368408203125
26.0,1.9114048004150392,26.000000125,0.004981842041015625
26.5,1.9064279937744142,26.500000125,0.0
27.0,1.9064279937744142,27.000000125,0.0
27.5,1.9064279937744142,27.500000125,0.0
28.0,1.9064279937744142,28.000000125,0.004981842041015625
28.5,1.9064279937744142,28.500000125,0.004981842041015625
29.0,1.9014511871337891,29.000000125,0.014945526123046875
29.5,1.9114048004150392,29.500000125,0.00996368408203125
30.0,1.9064279937744142,30.000000125,0.014945526123046875
30.5,1.9064279937744142,30.500000125,0.00996368408203125
31.0,1.9114048004150392,31.000000125,0.00996368408203125
31.5,1.9014511871337891,31.500000125,0.004981842041015625
32.0,1.9064279937744142,32.000000125,0.004981842041015625
32.5,1.9064279937744142,32.500000125,0.00996368408203125
33.0,1.9163816070556643,33.000000125,0.00996368408203125
33.5,1.9114048004150392,33.500000125,0.00996368408203125
34.0,1.9064279937744142,34.000000125,0.00996368408203125
34.5,1.9014511871337891,34.500000125,0.004981842041015625
35.0,1.9114048004150392,35.000000125,0.0
35.5,1.9163816070556643,35.500000125,0.00996368408203125
36.0,1.9213584136962891,36.000000125,0.004981842041015625
36.5,1.9064279937744142,36.500000125,0.004981842041015625
37.0,1.9114048004150392,37.000000125,0.0
37.5,1.9064279937744142,37.500000125,0.00996368408203125
38.0,1.9114048004150392,38.000000125,0.00996368408203125
38.5,1.9064279937744142,38.500000125,0.004981842041015625
39.0,1.9064279937744142,39.000000125,0.00996368408203125
39.5,1.9064279937744142,39.500000125,0.014945526123046875
40.0,1.9064279937744142,40.000000125,0.00996368408203125
40.5,1.9114048004150392,40.500000125,0.014945526123046875
41.0,1.9114048004150392,41.000000125,0.014945526123046875
41.5,1.9064279937744142,41.500000125,0.00996368408203125
42.0,1.9014511871337891,42.000000125,-0.004981842041015625
42.5,1.9114048004150392,42.500000125,0.004981842041015625
43.0,1.9064279937744142,43.000000125,0.004981842041015625
43.5,1.9064279937744142,43.500000125,0.004981842041015625
44.0,1.9014511871337891,44.000000125,0.004981842041015625
44.5,1.9014511871337891,44.500000125,0.004981842041015625
45.0,1.9114048004150392,45.000000125,0.0
45.5,1.9064279937744142,45.500000125,0.004981842041015625
46.0,1.9114048004150392,46.000000125,0.014945526123046875
46.5,1.9064279937744142,46.500000125,0.00996368408203125
47.0,1.9064279937744142,47.000000125,0.014945526123046875
47.5,1.9114048004150392,47.500000125,0.0
48.0,1.9114048004150392,48.000000125,0.014945526123046875
48.5,1.9163816070556643,48.500000125,0.004981842041015625
49.0,1.9014511871337891,49.000000125,0.004981842041015625
49.5,1.9163816070556643,49.500000125,0.00996368408203125
50.0,1.9163816070556643,50.000000125,0.00996368408203125
50.5,1.9163816070556643,50.500000125,0.014945526123046875
51.0,1.9213584136962891,51.000000125,0.00996368408203125
51.5,1.9064279937744142,51.500000125,0.00996368408203125
52.0,1.9064279937744142,52.000000125,0.004981842041015625
52.5,1.9114048004150392,52.500000125,0.014945526123046875
53.0,1.9114048004150392,53.000000125,0.00996368408203125
53.5,1.9064279937744142,53.500000125,0.00996368408203125
54.0,1.9064279937744142,54.000000125,0.004981842041015625
54.5,1.9064279937744142,54.500000125,0.004981842041015625
55.0,1.9114048004150392,55.000000125,0.004981842041015625
55.5,1.9114048004150392,55.500000125,0.004981842041015625
56.0,1.9163816070556643,56.000000125,0.014945526123046875
56.5,1.9114048004150392,56.500000125,0.014945526123046875
57.0,1.9064279937744142,57.000000125,0.004981842041015625
57.5,1.9064279937744142,57.500000125,0.004981842041015625
58.0,1.9114048004150392,58.000000125,0.00996368408203125
58.5,1.9064279937744142,58.500000125,0.004981842041015625
59.0,1.9064279937744142,59.000000125,0.014945526123046875
59.5,1.9114048004150392,59.500000125,0.00996368408203125
60.0,1.9114048004150392,60.000000125,0.00996368408203125
60.5,1.9114048004150392,60.500000125,0.004981842041015625
61.0,1.9064279937744142,61.000000125,0.004981842041015625
61.5,1.9114048004150392,61.500000125,0.004981842041015625
62.0,1.9114048004150392,62.000000125,0.014945526123046875
62.5,1.9064279937744142,62.500000125,0.014945526123046875
63.0,1.9163816070556643,63.000000125,0.014945526123046875
63.5,1.9114048004150392,63.500000125,0.00996368408203125
64.0,1.9163816070556643,64.000000125,0.014945526123046875
64.5,1.9064279937744142,64.500000125,0.004981842041015625
65.0,1.9114048004150392,65.000000125,0.0
65.5,1.9064279937744142,65.500000125,0.00996368408203125
66.0,1.9114048004150392,66.000000125,0.00996368408203125
66.5,1.9064279937744142,66.500000125,0.00996368408203125
67.0,1.9064279937744142,67.000000125,0.004981842041015625
67.5,1.9064279937744142,67.500000125,0.00996368408203125
68.0,1.9064279937744142,68.000000125,0.004981842041015625
68.5,1.9114048004150392,68.500000125,0.00996368408203125
69.0,1.9014511871337891,69.000000125,0.00996368408203125
69.5,1.9064279937744142,69.500000125,0.00996368408203125
70.0,1.9163816070556643,70.000000125,0.004981842041015625
70.5,1.9014511871337891,70.500000125,0.00996368408203125
71.0,1.9064279937744142,71.000000125,0.004981842041015625
71.5,1.9014511871337891,71.500000125,0.004981842041015625
72.0,1.9114048004150392,72.000000125,0.00996368408203125
72.5,1.9064279937744142,72.500000125,0.004981842041015625
73.0,1.9114048004150392,73.000000125,0.00996368408203125
73.5,1.9064279937744142,73.500000125,0.00996368408203125
74.0,1.8964743804931643,74.000000125,0.0
74.5,1.9114048004150392,74.500000125,0.014945526123046875
75.0,1.9064279937744142,75.000000125,0.00996368408203125
75.5,1.9114048004150392,75.500000125,0.004981842041015625
76.0,1.9064279937744142,76.000000125,0.004981842041015625
76.5,1.9064279937744142,76.500000125,0.004981842041015625
77.0,1.9014511871337891,77.000000125,0.00996368408203125
77.5,1.9163816070556643,77.500000125,0.00996368408203125
78.0,1.9064279937744142,78.000000125,0.00996368408203125
78.5,1.9163816070556643,78.500000125,0.004981842041015625
79.0,1.9064279937744142,79.000000125,0.014945526123046875
79.5,1.9064279937744142,79.500000125,0.00996368408203125
80.0,1.8964743804931643,80.000000125,0.004981842041015625
80.5,1.9114048004150392,80.500000125,0.004981842041015625
81.0,1.9064279937744142,81.000000125,0.004981842041015625
81.5,1.9114048004150392,81.500000125,0.00996368408203125
82.0,1.9163816070556643,82.000000125,0.014945526123046875
82.5,1.9114048004150392,82.500000125,0.00996368408203125
83.0,1.9114048004150392,83.000000125,0.014945526123046875
83.5,1.9114048004150392,83.500000125,0.0
84.0,1.8964743804931643,84.000000125,0.0
84.5,1.9064279937744142,84.500000125,0.004981842041015625
85.0,1.9064279937744142,85.000000125,0.004981842041015625
85.5,1.9163816070556643,85.500000125,0.00996368408203125
86.0,1.9163816070556643,86.000000125,0.004981842041015625
86.5,1.9064279937744142,86.500000125,0.00996368408203125
87.0,1.9064279937744142,87.000000125,0.00996368408203125
87.5,1.9014511871337891,87.500000125,0.004981842041015625
88.0,1.9114048004150392,88.000000125,0.0
88.5,1.9014511871337891,88.500000125,0.00996368408203125
89.0,1.9064279937744142,89.000000125,0.004981842041015625
89.5,1.9114048004150392,89.500000125,0.00996368408203125
90.0,1.9114048004150392,90.000000125,0.00996368408203125
90.5,1.9064279937744142,90.500000125,0.004981842041015625
91.0,1.9114048004150392,91.000000125,0.00996368408203125
91.5,1.9114048004150392,91.500000125,0.004981842041015625
92.0,1.9064279937744142,92.000000125,0.004981842041015625
92.5,1.9114048004150392,92.500000125,0.004981842041015625
93.0,1.9064279937744142,93.000000125,0.0
93.5,1.9064279937744142,93.500000125,0.0
94.0,1.9163816070556643,94.000000125,0.00996368408203125
94.5,1.9114048004150392,94.500000125,0.00996368408203125
95.0,1.9163816070556643,95.000000125,0.014945526123046875
95.5,1.9064279937744142,95.500000125,0.0
96.0,1.9064279937744142,96.000000125,0.00996368408203125
96.5,1.9163816070556643,96.500000125,0.00996368408203125
97.0,1.9064279937744142,97.000000125,0.0
97.5,1.9114048004150392,97.500000125,0.014945526123046875
98.0,1.9114048004150392,98.000000125,0.004981842041015625
98.5,1.9064279937744142,98.500000125,0.004981842041015625
99.0,1.9064279937744142,99.000000125,0.004981842041015625
99.5,1.9114048004150392,99.500000125,0.014945526123046875
100.0,1.9014511871337891,100.000000125,0.00996368408203125
100.5,1.9064279937744142,100.500000125,0.004981842041015625
101.0,1.9114048004150392,101.000000125,0.00996368408203125
101.5,1.9114048004150392,101.500000125,0.014945526123046875
102.0,1.9064279937744142,102.000000125,0.00996368408203125
102.5,1.9114048004150392,102.500000125,0.0
103.0,1.9064279937744142,103.000000125,0.00996368408203125
103.5,1.9064279937744142,103.500000125,0.004981842041015625
104.0,1.9114048004150392,104.000000125,0.00996368408203125
104.5,1.9064279937744142,104.500000125,0.004981842041015625
105.0,1.9114048004150392,105.000000125,0.004981842041015625
105.5,1.9064279937744142,105.500000125,0.004981842041015625
106.0,1.9064279937744142,106.000000125,0.00996368408203125
106.5,1.9114048004150392,106.500000125,0.004981842041015625
107.0,1.9014511871337891,107.000000125,0.004981842041015625
107.5,1.9014511871337891,107.500000125,0.00996368408203125
108.0,1.9114048004150392,108.000000125,0.004981842041015625
108.5,1.9014511871337891,108.500000125,0.004981842041015625
109.0,1.9064279937744142,109.000000125,0.004981842041015625
109.5,1.9114048004150392,109.500000125,0.00996368408203125
110.0,1.9114048004150392,110.000000125,0.00996368408203125
110.5,1.9014511871337891,110.500000125,0.004981842041015625
111.0,1.9114048004150392,111.000000125,0.00996368408203125
111.5,1.9014511871337891,111.500000125,0.00996368408203125
112.0,1.9064279937744142,112.000000125,0.004981842041015625
112.5,1.9014511871337891,112.500000125,0.00996368408203125
113.0,1.9014511871337891,113.000000125,0.004981842041015625
113.5,1.9064279937744142,113.500000125,0.004981842041015625
114.0,1.9014511871337891,114.000000125,0.0
114.5,1.9014511871337891,114.500000125,0.004981842041015625
115.0,1.9114048004150392,115.000000125,0.00996368408203125
115.5,1.9064279937744142,115.500000125,0.004981842041015625
116.0,1.9114048004150392,116.000000125,0.014945526123046875
116.5,1.9064279937744142,116.500000125,0.0
117.0,1.9114048004150392,117.000000125,0.004981842041015625
117.5,1.9114048004150392,117.500000125,0.004981842041015625
118.0,1.9114048004150392,118.000000125,0.0
118.5,1.9114048004150392,118.500000125,0.00996368408203125
119.0,1.9114048004150392,119.000000125,0.00996368408203125
119.5,1.9114048004150392,119.500000125,0.0199273681640625
120.0,1.9213584136962891,120.000000125,0.0199273681640625
120.5,1.9114048004150392,120.500000125,0.004981842041015625
121.0,1.9114048004150392,121.000000125,0.00996368408203125
121.5,1.9114048004150392,121.500000125,0.004981842041015625
122.0,1.9114048004150392,122.000000125,0.00996368408203125
122.5,1.9064279937744142,122.500000125,0.004981842041015625
123.0,1.9064279937744142,123.000000125,0.00996368408203125
123.5,1.9064279937744142,123.500000125,0.004981842041015625
124.0,1.9064279937744142,124.000000125,0.00996368408203125
124.5,1.9163816070556643,124.500000125,0.00996368408203125
125.0,1.9163816070556643,125.000000125,0.00996368408203125
125.5,1.9114048004150392,125.500000125,0.00996368408203125
126.0,1.9014511871337891,126.000000125,0.0
126.5,1.9064279937744142,126.500000125,0.0
127.0,1.9064279937744142,127.000000125,0.004981842041015625
127.5,1.9114048004150392,127.500000125,0.0
128.0,1.9114048004150392,128.000000125,0.004981842041015625
128.5,1.9064279937744142,128.500000125,0.014945526123046875
129.0,1.9114048004150392,129.000000125,0.014945526123046875
129.5,1.9064279937744142,129.500000125,0.00996368408203125
130.0,1.9114048004150392,130.000000125,0.004981842041015625
130.5,1.9064279937744142,130.500000125,0.00996368408203125
131.0,1.9014511871337891,131.000000125,0.004981842041015625
131.5,1.9064279937744142,131.500000125,0.014945526123046875
132.0,1.9064279937744142,132.000000125,0.0
132.5,1.9114048004150392,132.500000125,0.004981842041015625
133.0,1.9114048004150392,133.000000125,0.00996368408203125
133.5,1.9114048004150392,133.500000125,0.00996368408203125
134.0,1.9114048004150392,134.000000125,0.00996368408203125
134.5,1.9163816070556643,134.500000125,0.014945526123046875
135.0,1.9114048004150392,135.000000125,0.014945526123046875
135.5,1.9064279937744142,135.500000125,0.0
136.0,1.9064279937744142,136.000000125,0.0
136.5,1.9163816070556643,136.500000125,0.004981842041015625
137.0,1.9064279937744142,137.000000125,0.00996368408203125
137.5,1.9014511871337891,137.500000125,0.004981842041015625
138.0,1.9064279937744142,138.000000125,0.014945526123046875
138.5,1.9064279937744142,138.500000125,0.00996368408203125
139.0,1.9014511871337891,139.000000125,0.0
139.5,1.8964743804931643,139.500000125,0.0
140.0,1.9114048004150392,140.000000125,0.014945526123046875
140.5,1.9014511871337891,140.500000125,0.004981842041015625
141.0,1.9114048004150392,141.000000125,0.004981842041015625
141.5,1.9163816070556643,141.500000125,0.014945526123046875
142.0,1.9064279937744142,142.000000125,0.014945526123046875
142.5,1.9014511871337891,142.500000125,0.004981842041015625
143.0,1.9014511871337891,143.000000125,0.004981842041015625
143.5,1.9014511871337891,143.500000125,0.0
144.0,1.9064279937744142,144.000000125,0.0
144.5,1.9064279937744142,144.500000125,0.004981842041015625
145.0,1.9014511871337891,145.000000125,0.00996368408203125
145.5,1.9114048004150392,145.500000125,0.004981842041015625
146.0,1.9064279937744142,146.000000125,0.00996368408203125
146.5,1.9064279937744142,146.500000125,0.00996368408203125
147.0,1.9114048004150392,147.000000125,0.00996368408203125
147.5,1.9014511871337891,147.500000125,0.0
148.0,1.9114048004150392,148.000000125,0.00996368408203125
148.5,1.9114048004150392,148.500000125,0.00996368408203125
149.0,1.9064279937744142,149.000000125,0.004981842041015625
149.5,1.9064279937744142,149.500000125,0.0
150.0,1.9064279937744142,150.000000125,0.0
150.5,1.9064279937744142,150.500000125,0.00996368408203125
151.0,1.8964743804931643,151.000000125,0.004981842041015625
151.5,1.9064279937744142,151.500000125,0.014945526123046875
152.0,1.8964743804931643,152.000000125,0.00996368408203125
152.5,1.9114048004150392,152.500000125,0.004981842041015625
153.0,1.9014511871337891,153.000000125,0.0
153.5,1.9114048004150392,153.500000125,0.004981842041015625
154.0,1.9014511871337891,154.000000125,0.0
154.5,1.8964743804931643,154.500000125,0.004981842041015625
155.0,1.9064279937744142,155.000000125,0.004981842041015625
155.5,1.9014511871337891,155.500000125,0.00996368408203125
156.0,1.9014511871337891,156.000000125,0.00996368408203125
156.5,1.9064279937744142,156.500000125,0.00996368408203125
157.0,1.8914975738525392,157.000000125,0.0
157.5,1.9064279937744142,157.500000125,0.004981842041015625
158.0,1.9014511871337891,158.000000125,0.00996368408203125
158.5,1.9014511871337891,158.500000125,0.0
159.0,1.9064279937744142,159.000000125,0.004981842041015625
159.5,1.9064279937744142,159.500000125,0.00996368408203125
160.0,1.9014511871337891,160.000000125,0.004981842041015625
160.5,1.8964743804931643,160.500000125,0.00996368408203125
161.0,1.9014511871337891,161.000000125,0.0
161.5,1.9114048004150392,161.500000125,0.00996368408203125
162.0,1.9014511871337891,162.000000125,0.004981842041015625
162.5,1.9064279937744142,162.500000125,0.00996368408203125
163.0,1.9114048004150392,163.000000125,0.00996368408203125
163.5,1.9014511871337891,163.500000125,0.004981842041015625
164.0,1.9064279937744142,164.000000125,0.004981842041015625
164.5,1.9114048004150392,164.500000125,0.00996368408203125
165.0,1.9064279937744142,165.000000125,0.004981842041015625
165.5,1.9064279937744142,165.500000125,0.00996368408203125
166.0,1.9014511871337891,166.000000125,0.0
166.5,1.9114048004150392,166.500000125,0.014945526123046875
167.0,1.9114048004150392,167.000000125,0.014945526123046875
167.5,1.9064279937744142,167.500000125,0.0
168.0,1.9064279937744142,168.000000125,0.00996368408203125
168.5,1.9064279937744142,168.500000125,0.00996368408203125
169.0,1.9114048004150392,169.000000125,0.014945526123046875
169.5,1.9064279937744142,169.500000125,0.004981842041015625
170.0,1.9064279937744142,170.000000125,0.004981842041015625
170.5,1.9064279937744142,170.500000125,0.0
171.0,1.8964743804931643,171.000000125,0.0
171.5,1.9114048004150392,171.500000125,0.0
172.0,1.9014511871337891,172.000000125,0.00996368408203125
172.5,1.9064279937744142,172.500000125,0.004981842041015625
173.0,1.9064279937744142,173.000000125,0.00996368408203125
173.5,1.9014511871337891,173.500000125,0.00996368408203125
174.0,1.9064279937744142,174.000000125,0.004981842041015625
174.5,1.9114048004150392,174.500000125,0.00996368408203125
175.0,1.9064279937744142,175.000000125,0.004981842041015625
175.5,1.9114048004150392,175.500000125,0.0
176.0,1.9064279937744142,176.000000125,0.00996368408203125
176.5,1.9064279937744142,176.500000125,0.0
177.0,1.9064279937744142,177.000000125,0.004981842041015625
177.5,1.9114048004150392,177.500000125,0.0
178.0,1.9014511871337891,178.000000125,-0.004981842041015625
178.5,1.9064279937744142,178.500000125,0.0
179.0,1.8964743804931643,179.000000125,0.014945526123046875
179.5,1.9064279937744142,179.500000125,0.00996368408203125
180.0,1.9064279937744142,180.000000125,0.004981842041015625
180.5,1.9114048004150392,180.500000125,0.00996368408203125
181.0,1.9163816070556643,181.000000125,0.014945526123046875
181.5,1.9163816070556643,181.500000125,0.00996368408203125
182.0,1.9064279937744142,182.000000125,0.00996368408203125
182.5,1.9064279937744142,182.500000125,0.004981842041015625
183.0,1.9064279937744142,183.000000125,0.004981842041015625
183.5,1.9163816070556643,183.500000125,0.014945526123046875
184.0,1.9014511871337891,184.000000125,0.00996368408203125
184.5,1.9114048004150392,184.500000125,0.004981842041015625
185.0,1.9064279937744142,185.000000125,0.00996368408203125
185.5,1.9114048004150392,185.500000125,0.00996368408203125
186.0,1.9064279937744142,186.000000125,0.004981842041015625
186.5,1.9114048004150392,186.500000125,0.00996368408203125
187.0,1.9064279937744142,187.000000125,0.004981842041015625
187.5,1.9014511871337891,187.500000125,0.004981842041015625
188.0,1.9064279937744142,188.000000125,0.004981842041015625
188.5,1.9114048004150392,188.500000125,0.004981842041015625
189.0,1.9014511871337891,189.000000125,0.004981842041015625
189.5,1.9064279937744142,189.500000125,0.004981842041015625
190.0,1.9014511871337891,190.000000125,0.004981842041015625
190.5,1.9064279937744142,190.500000125,0.014945526123046875
191.0,1.9064279937744142,191.000000125,0.00996368408203125
191.5,1.9163816070556643,191.500000125,0.0199273681640625
192.0,1.9064279937744142,192.000000125,0.014945526123046875
192.5,1.9064279937744142,192.500000125,0.014945526123046875
193.0,1.9064279937744142,193.000000125,0.00996368408203125
193.5,1.9064279937744142,193.500000125,0.004981842041015625
194.0,1.9014511871337891,194.000000125,0.0
194.5,1.9114048004150392,194.500000125,0.004981842041015625
195.0,1.9064279937744142,195.000000125,0.00996368408203125
195.5,1.9163816070556643,195.500000125,0.014945526123046875
196.0,1.9064279937744142,196.000000125,0.00996368408203125
196.5,1.9064279937744142,196.500000125,0.00996368408203125
197.0,1.9064279937744142,197.000000125,0.00996368408203125
197.5,1.9114048004150392,197.500000125,0.00996368408203125
198.0,1.9064279937744142,198.000000125,0.014945526123046875
198.5,1.9114048004150392,198.500000125,0.004981842041015625
199.0,1.9014511871337891,199.000000125,0.004981842041015625
199.5,1.9114048004150392,199.500000125,0.00996368408203125
200.0,1.9064279937744142,200.000000125,0.004981842041015625
200.5,1.9064279937744142,200.500000125,0.00996368408203125
201.0,1.9064279937744142,201.000000125,0.00996368408203125
201.5,1.9114048004150392,201.500000125,0.00996368408203125
202.0,1.9114048004150392,202.000000125,0.00996368408203125
202.5,1.9114048004150392,202.500000125,0.00996368408203125
203.0,1.9114048004150392,203.000000125,0.014945526123046875
203.5,1.9114048004150392,203.500000125,0.004981842041015625
204.0,1.9064279937744142,204.000000125,0.00996368408203125
204.5,1.9064279937744142,204.500000125,0.0
205.0,1.9064279937744142,205.000000125,0.004981842041015625
205.5,1.9064279937744142,205.500000125,0.00996368408203125
206.0,1.9114048004150392,206.000000125,0.00996368408203125
206.5,1.9064279937744142,206.500000125,0.00996368408203125
207.0,1.9114048004150392,207.000000125,0.0
207.5,1.9064279937744142,207.500000125,0.0
208.0,1.9064279937744142,208.000000125,0.004981842041015625
208.5,1.9163816070556643,208.500000125,0.00996368408203125
209.0,1.9163816070556643,209.000000125,0.004981842041015625
209.5,1.9163816070556643,209.500000125,0.00996368408203125
210.0,1.9064279937744142,210.000000125,0.014945526123046875
210.5,1.9114048004150392,210.500000125,0.004981842041015625
211.0,1.9114048004150392,211.000000125,0.00996368408203125
211.5,1.9064279937744142,211.500000125,0.00996368408203125
212.0,1.9064279937744142,212.000000125,0.00996368408203125
212.5,1.9114048004150392,212.500000125,0.014945526123046875
213.0,1.9114048004150392,213.000000125,0.014945526123046875
213.5,1.9114048004150392,213.500000125,0.00996368408203125
214.0,1.9064279937744142,214.000000125,0.00996368408203125
214.5,1.9263352203369142,214.500000125,0.014945526123046875
215.0,1.9114048004150392,215.000000125,0.00996368408203125
215.5,1.9064279937744142,215.500000125,0.014945526123046875
216.0,1.9114048004150392,216.000000125,0.014945526123046875
216.5,1.9064279937744142,216.500000125,0.004981842041015625
217.0,1.9064279937744142,217.000000125,0.0
217.5,1.9064279937744142,217.500000125,0.0
218.0,1.9064279937744142,218.000000125,0.00996368408203125
218.5,1.9163816070556643,218.500000125,0.014945526123046875
219.0,1.9064279937744142,219.000000125,0.0
219.5,1.9114048004150392,219.500000125,0.00996368408203125
220.0,1.9064279937744142,220.000000125,0.014945526123046875
220.5,1.9064279937744142,220.500000125,0.004981842041015625
221.0,1.9114048004150392,221.000000125,0.00996368408203125
221.5,1.9114048004150392,221.500000125,0.00996368408203125
222.0,1.9114048004150392,222.000000125,0.014945526123046875
222.5,1.9014511871337891,222.500000125,0.004981842041015625
223.0,1.9114048004150392,223.000000125,0.014945526123046875
223.5,1.9114048004150392,223.500000125,0.00996368408203125
224.0,1.9064279937744142,224.000000125,0.004981842041015625
224.5,1.9014511871337891,224.500000125,0.004981842041015625
225.0,1.9064279937744142,225.000000125,0.014945526123046875
225.5,1.9064279937744142,225.500000125,0.00996368408203125
226.0,1.9114048004150392,226.000000125,0.014945526123046875
226.5,1.9114048004150392,226.500000125,0.00996368408203125
227.0,1.9114048004150392,227.000000125,0.00996368408203125
227.5,1.9014511871337891,227.500000125,0.00996368408203125
228.0,1.9064279937744142,228.000000125,0.014945526123046875
228.5,1.9064279937744142,228.500000125,0.00996368408203125
229.0,1.9114048004150392,229.000000125,0.004981842041015625
229.5,1.9114048004150392,229.500000125,0.00996368408203125
230.0,1.9064279937744142,230.000000125,0.00996368408203125
230.5,1.9064279937744142,230.500000125,0.004981842041015625
231.0,1.9114048004150392,231.000000125,0.00996368408203125
231.5,1.9014511871337891,231.500000125,0.004981842041015625
232.0,1.9114048004150392,232.000000125,0.004981842041015625
232.5,1.9213584136962891,232.500000125,0.014945526123046875
233.0,1.8964743804931643,233.000000125,0.0
233.5,1.9163816070556643,233.500000125,0.014945526123046875
234.0,1.9114048004150392,234.000000125,0.014945526123046875
234.5,1.9064279937744142,234.500000125,0.004981842041015625
235.0,1.9064279937744142,235.000000125,0.004981842041015625
235.5,1.9114048004150392,235.500000125,0.014945526123046875
236.0,1.9064279937744142,236.000000125,0.004981842041015625
236.5,1.9163816070556643,236.500000125,0.004981842041015625
237.0,1.9064279937744142,237.000000125,0.00996368408203125
237.5,1.9064279937744142,237.500000125,0.00996368408203125
238.0,1.9114048004150392,238.000000125,0.00996368408203125
238.5,1.9064279937744142,238.500000125,0.014945526123046875
239.0,1.9163816070556643,239.000000125,0.004981842041015625
239.5,1.9064279937744142,239.500000125,0.00996368408203125
240.0,1.9114048004150392,240.000000125,0.00996368408203125
240.5,1.9064279937744142,240.500000125,0.004981842041015625
241.0,1.9014511871337891,241.000000125,0.004981842041015625
241.5,1.9114048004150392,241.500000125,0.0
242.0,1.9064279937744142,242.000000125,0.004981842041015625
242.5,1.9114048004150392,242.500000125,0.014945526123046875
243.0,1.9114048004150392,243.000000125,0.014945526123046875
243.5,1.9114048004150392,243.500000125,0.00996368408203125
244.0,1.9064279937744142,244.000000125,0.0199273681640625
244.5,1.9114048004150392,244.500000125,0.014945526123046875
245.0,1.9064279937744142,245.000000125,0.014945526123046875
245.5,1.9064279937744142,245.500000125,0.00996368408203125
246.0,1.9064279937744142,246.000000125,0.0
246.5,1.9064279937744142,246.500000125,0.00996368408203125
247.0,1.9064279937744142,247.000000125,0.00996368408203125
247.5,1.9163816070556643,247.500000125,0.014945526123046875
248.0,1.9064279937744142,248.000000125,0.00996368408203125
248.5,1.9114048004150392,248.500000125,0.0199273681640625
249.0,1.9163816070556643,249.000000125,0.014945526123046875
249.5,1.9114048004150392,249.500000125,0.014945526123046875
250.0,1.9114048004150392,250.000000125,0.00996368408203125
250.5,1.9114048004150392,250.500000125,0.004981842041015625
251.0,1.9064279937744142,251.000000125,0.004981842041015625
251.5,1.9114048004150392,251.500000125,0.00996368408203125
252.0,1.9163816070556643,252.000000125,0.0199273681640625
252.5,1.9114048004150392,252.500000125,0.00996368408203125
253.0,1.9064279937744142,253.000000125,0.004981842041015625
253.5,1.9163816070556643,253.500000125,0.00996368408203125
254.0,1.9114048004150392,254.000000125,0.00996368408203125
254.5,1.9064279937744142,254.500000125,0.00996368408203125
255.0,1.9064279937744142,255.000000125,0.0
255.5,1.9064279937744142,255.500000125,0.004981842041015625
256.0,1.9014511871337891,256.000000125,0.0
256.5,1.9114048004150392,256.500000125,0.014945526123046875
257.0,1.9064279937744142,257.000000125,0.00996368408203125
257.5,1.9114048004150392,257.500000125,0.004981842041015625
258.0,1.9163816070556643,258.000000125,0.00996368408203125
258.5,1.9064279937744142,258.500000125,0.004981842041015625
259.0,1.9114048004150392,259.000000125,0.004981842041015625
259.5,1.9114048004150392,259.500000125,0.004981842041015625
260.0,1.9064279937744142,260.000000125,0.004981842041015625
260.5,1.9014511871337891,260.500000125,0.004981842041015625
261.0,1.9064279937744142,261.000000125,0.004981842041015625
261.5,1.9114048004150392,261.500000125,0.014945526123046875
262.0,1.9064279937744142,262.000000125,0.00996368408203125
262.5,1.9064279937744142,262.500000125,0.00996368408203125
263.0,1.9213584136962891,263.000000125,0.00996368408203125
263.5,1.9163816070556643,263.500000125,0.014945526123046875
264.0,1.9114048004150392,264.000000125,0.00996368408203125
264.5,1.9163816070556643,264.500000125,0.014945526123046875
265.0,1.9014511871337891,265.000000125,0.004981842041015625
265.5,1.9064279937744142,265.500000125,0.004981842041015625
266.0,1.9114048004150392,266.000000125,0.00996368408203125
266.5,1.9064279937744142,266.500000125,0.0
267.0,1.9064279937744142,267.000000125,0.004981842041015625
267.5,1.9163816070556643,267.500000125,0.004981842041015625
268.0,1.9064279937744142,268.000000125,0.014945526123046875
268.5,1.9114048004150392,268.500000125,0.00996368408203125
269.0,1.9064279937744142,269.000000125,0.00996368408203125
269.5,1.9064279937744142,269.500000125,0.004981842041015625
270.0,1.9014511871337891,270.000000125,0.0
270.5,1.9064279937744142,270.500000125,0.004981842041015625
271.0,1.9064279937744142,271.000000125,0.004981842041015625
271.5,1.9064279937744142,271.500000125,0.00996368408203125
272.0,1.9014511871337891,272.000000125,0.00996368408203125
272.5,1.9163816070556643,272.500000125,0.00996368408203125
273.0,1.9064279937744142,273.000000125,0.004981842041015625
273.5,1.9114048004150392,273.500000125,0.014945526123046875
274.0,1.9114048004150392,274.000000125,0.00996368408203125
274.5,1.9114048004150392,274.500000125,0.004981842041015625
275.0,1.9014511871337891,275.000000125,0.0
275.5,1.9163816070556643,275.500000125,0.00996368408203125
276.0,1.9114048004150392,276.000000125,0.004981842041015625
276.5,1.9064279937744142,276.500000125,0.0
277.0,1.9064279937744142,277.000000125,0.0
277.5,1.9064279937744142,277.500000125,0.00996368408203125
278.0,1.9163816070556643,278.000000125,0.00996368408203125
278.5,1.9064279937744142,278.500000125,0.004981842041015625
279.0,1.9114048004150392,279.000000125,0.004981842041015625
279.5,1.9064279937744142,279.500000125,0.004981842041015625
280.0,1.9064279937744142,280.000000125,0.0
280.5,1.9064279937744142,280.500000125,0.004981842041015625
281.0,1.9114048004150392,281.000000125,0.004981842041015625
281.5,1.9064279937744142,281.500000125,0.00996368408203125
282.0,1.9064279937744142,282.000000125,0.004981842041015625
282.5,1.9114048004150392,282.500000125,0.004981842041015625
283.0,1.9064279937744142,283.000000125,0.004981842041015625
283.5,1.9014511871337891,283.500000125,0.004981842041015625
284.0,1.9064279937744142,284.000000125,0.00996368408203125
284.5,1.9114048004150392,284.500000125,0.00996368408203125
285.0,1.9064279937744142,285.000000125,0.014945526123046875
285.5,1.9014511871337891,285.500000125,0.004981842041015625
286.0,1.9163816070556643,286.000000125,0.00996368408203125
286.5,1.9163816070556643,286.500000125,0.014945526123046875
287.0,1.9114048004150392,287.000000125,0.00996368408203125
287.5,1.9064279937744142,287.500000125,0.0
288.0,1.9064279937744142,288.000000125,0.00996368408203125
288.5,1.9114048004150392,288.500000125,0.014945526123046875
289.0,1.9114048004150392,289.000000125,0.00996368408203125
289.5,1.9064279937744142,289.500000125,0.00996368408203125
290.0,1.9163816070556643,290.000000125,0.014945526123046875
290.5,1.9114048004150392,290.500000125,0.004981842041015625
291.0,1.9014511871337891,291.000000125,0.014945526123046875
291.5,1.9114048004150392,291.500000125,0.004981842041015625
292.0,1.9064279937744142,292.000000125,0.0
292.5,1.9064279937744142,292.500000125,0.004981842041015625
293.0,1.9064279937744142,293.000000125,0.004981842041015625
293.5,1.9114048004150392,293.500000125,0.00996368408203125
294.0,1.9064279937744142,294.000000125,0.00996368408203125
294.5,1.9064279937744142,294.500000125,0.014945526123046875
295.0,1.9064279937744142,295.000000125,0.014945526123046875
295.5,1.9014511871337891,295.500000125,0.00996368408203125
296.0,1.9014511871337891,296.000000125,0.0
296.5,1.9114048004150392,296.500000125,0.004981842041015625
297.0,1.9114048004150392,297.000000125,0.00996368408203125
297.5,1.9064279937744142,297.500000125,0.004981842041015625
298.0,1.9014511871337891,298.000000125,0.00996368408203125
298.5,1.9064279937744142,298.500000125,0.004981842041015625
299.0,1.9014511871337891,299.000000125,0.0
299.5,1.8964743804931643,299.500000125,-0.004981842041015625
300.0,1.9114048004150392,300.000000125,0.00996368408203125
300.5,1.9014511871337891,300.500000125,0.0
301.0,1.9114048004150392,301.000000125,0.004981842041015625
301.5,1.9163816070556643,301.500000125,0.00996368408203125
302.0,1.9064279937744142,302.000000125,0.004981842041015625
302.5,1.9064279937744142,302.500000125,0.00996368408203125
303.0,1.9163816070556643,303.000000125,0.00996368408203125
303.5,1.9163816070556643,303.500000125,0.014945526123046875
304.0,1.9163816070556643,304.000000125,0.004981842041015625
304.5,1.9114048004150392,304.500000125,0.004981842041015625
305.0,1.9064279937744142,305.000000125,0.0
305.5,1.9064279937744142,305.500000125,0.00996368408203125
306.0,1.9064279937744142,306.000000125,0.00996368408203125
306.5,1.9064279937744142,306.500000125,0.014945526123046875
307.0,1.9114048004150392,307.000000125,0.004981842041015625
307.5,1.9163816070556643,307.500000125,0.014945526123046875
308.0,1.9163816070556643,308.000000125,0.00996368408203125
308.5,1.9114048004150392,308.500000125,0.004981842041015625
309.0,1.9064279937744142,309.000000125,0.014945526123046875
309.5,1.9114048004150392,309.500000125,0.004981842041015625
310.0,1.9114048004150392,310.000000125,0.014945526123046875
310.5,1.9114048004150392,310.500000125,0.00996368408203125
311.0,1.9163816070556643,311.000000125,0.004981842041015625
311.5,1.9014511871337891,311.500000125,0.004981842041015625
312.0,1.9114048004150392,312.000000125,0.0
312.5,1.9114048004150392,312.500000125,0.00996368408203125
313.0,1.9064279937744142,313.000000125,0.0
313.5,1.9114048004150392,313.500000125,0.00996368408203125
314.0,1.9064279937744142,314.000000125,0.004981842041015625
314.5,1.9064279937744142,314.500000125,0.004981842041015625
315.0,1.9064279937744142,315.000000125,0.00996368408203125
315.5,1.9163816070556643,315.500000125,0.00996368408203125
316.0,1.9163816070556643,316.000000125,0.00996368408203125
316.5,1.9114048004150392,316.500000125,0.004981842041015625
317.0,1.9114048004150392,317.000000125,0.00996368408203125
317.5,1.9114048004150392,317.500000125,0.004981842041015625
318.0,1.9064279937744142,318.000000125,0.00996368408203125
318.5,1.9114048004150392,318.500000125,0.014945526123046875
319.0,1.9114048004150392,319.000000125,0.00996368408203125
319.5,1.9114048004150392,319.500000125,0.00996368408203125
320.0,1.9163816070556643,320.000000125,0.00996368408203125
320.5,1.9163816070556643,320.500000125,0.00996368408203125
321.0,1.9014511871337891,321.000000125,0.004981842041015625
321.5,1.9064279937744142,321.500000125,0.0
322.0,1.9064279937744142,322.000000125,0.004981842041015625
322.5,1.9064279937744142,322.500000125,0.00996368408203125
323.0,1.9014511871337891,323.000000125,0.0
323.5,1.9114048004150392,323.500000125,0.0
324.0,1.9114048004150392,324.000000125,0.00996368408203125
324.5,1.9114048004150392,324.500000125,0.014945526123046875
325.0,1.9014511871337891,325.000000125,0.004981842041015625
325.5,1.9114048004150392,325.500000125,0.00996368408203125
326.0,1.9114048004150392,326.000000125,0.00996368408203125
326.5,1.9014511871337891,326.500000125,0.00996368408203125
327.0,1.9014511871337891,327.000000125,0.004981842041015625
327.5,1.9114048004150392,327.500000125,0.00996368408203125
328.0,1.9064279937744142,328.000000125,0.004981842041015625
328.5,1.9014511871337891,328.500000125,0.00996368408203125
329.0,1.9064279937744142,329.000000125,0.004981842041015625
329.5,1.9114048004150392,329.500000125,0.00996368408203125
330.0,1.9163816070556643,330.000000125,0.004981842041015625
330.5,1.9114048004150392,330.500000125,0.00996368408203125
331.0,1.9064279937744142,331.000000125,0.0
331.5,1.9014511871337891,331.500000125,0.004981842041015625
332.0,1.9114048004150392,332.000000125,0.014945526123046875
332.5,1.9064279937744142,332.500000125,0.004981842041015625
333.0,1.9114048004150392,333.000000125,0.0
333.5,1.9064279937744142,333.500000125,0.004981842041015625
334.0,1.9014511871337891,334.000000125,0.0
334.5,1.9114048004150392,334.500000125,0.014945526123046875
335.0,1.9064279937744142,335.000000125,0.014945526123046875
335.5,1.9064279937744142,335.500000125,0.00996368408203125
336.0,1.9014511871337891,336.000000125,0.0
336.5,1.9114048004150392,336.500000125,0.00996368408203125
337.0,1.9114048004150392,337.000000125,0.00996368408203125
337.5,1.9064279937744142,337.500000125,0.0
338.0,1.9064279937744142,338.000000125,0.014945526123046875
338.5,1.9064279937744142,338.500000125,0.00996368408203125
339.0,1.9114048004150392,339.000000125,0.00996368408203125
339.5,1.9064279937744142,339.500000125,0.0
340.0,1.9014511871337891,340.000000125,0.0
340.5,1.9163816070556643,340.500000125,0.014945526123046875
341.0,1.9064279937744142,341.000000125,0.004981842041015625
341.5,1.9114048004150392,341.500000125,0.004981842041015625
342.0,1.9064279937744142,342.000000125,0.00996368408203125
342.5,1.9163816070556643,342.500000125,0.014945526123046875
343.0,1.9163816070556643,343.000000125,0.014945526123046875
343.5,1.9114048004150392,343.500000125,0.00996368408203125
344.0,1.9064279937744142,344.000000125,0.00996368408203125
344.5,1.9114048004150392,344.500000125,0.00996368408203125
345.0,1.9064279937744142,345.000000125,0.004981842041015625
345.5,1.9064279937744142,345.500000125,0.00996368408203125
346.0,1.9064279937744142,346.000000125,0.00996368408203125
346.5,1.9014511871337891,346.500000125,0.004981842041015625
347.0,1.9064279937744142,347.000000125,0.004981842041015625
347.5,1.9114048004150392,347.500000125,0.004981842041015625
348.0,1.9064279937744142,348.000000125,0.00996368408203125
348.5,1.9114048004150392,348.500000125,0.004981842041015625
349.0,1.9114048004150392,349.000000125,0.014945526123046875
349.5,1.9064279937744142,349.500000125,0.00996368408203125
350.0,1.9064279937744142,350.000000125,0.00996368408203125
350.5,1.9114048004150392,350.500000125,0.004981842041015625
351.0,1.9064279937744142,351.000000125,0.004981842041015625
351.5,1.9114048004150392,351.500000125,0.00996368408203125
352.0,1.9163816070556643,352.000000125,0.00996368408203125
352.5,1.9114048004150392,352.500000125,0.014945526123046875
353.0,1.9064279937744142,353.000000125,0.00996368408203125
353.5,1.9014511871337891,353.500000125,0.004981842041015625
354.0,1.9064279937744142,354.000000125,0.014945526123046875
354.5,1.9163816070556643,354.500000125,0.00996368408203125
355.0,1.9064279937744142,355.000000125,0.014945526123046875
355.5,1.9114048004150392,355.500000125,0.004981842041015625
356.0,1.9114048004150392,356.000000125,0.00996368408203125
356.5,1.9114048004150392,356.500000125,0.004981842041015625
357.0,1.9114048004150392,357.000000125,0.00996368408203125
357.5,1.9064279937744142,357.500000125,0.004981842041015625
358.0,1.9114048004150392,358.000000125,0.004981842041015625
358.5,1.9064279937744142,358.500000125,0.0199273681640625
359.0,1.9064279937744142,359.000000125,0.014945526123046875
359.5,1.9114048004150392,359.500000125,0.004981842041015625
360.0,1.9114048004150392,360.000000125,0.0
360.5,1.9064279937744142,360.500000125,0.00996368408203125
361.0,1.9064279937744142,361.000000125,0.004981842041015625
361.5,1.9114048004150392,361.500000125,0.00996368408203125
362.0,1.9114048004150392,362.000000125,0.004981842041015625
362.5,1.9114048004150392,362.500000125,0.014945526123046875
363.0,1.9064279937744142,363.000000125,0.014945526123046875
363.5,1.9014511871337891,363.500000125,0.00996368408203125
364.0,1.9014511871337891,364.000000125,0.00996368408203125
364.5,1.9163816070556643,364.500000125,0.00996368408203125
365.0,1.9114048004150392,365.000000125,0.004981842041015625
365.5,1.9064279937744142,365.500000125,0.004981842041015625
366.0,1.9163816070556643,366.000000125,0.014945526123046875
366.5,1.9163816070556643,366.500000125,0.00996368408203125
367.0,1.9213584136962891,367.000000125,0.0199273681640625
367.5,1.9163816070556643,367.500000125,0.00996368408203125
368.0,1.9163816070556643,368.000000125,0.00996368408203125
368.5,1.9064279937744142,368.500000125,0.004981842041015625
369.0,1.9114048004150392,369.000000125,0.00996368408203125
369.5,1.9064279937744142,369.500000125,0.00996368408203125
370.0,1.9114048004150392,370.000000125,0.014945526123046875
370.5,1.9114048004150392,370.500000125,0.014945526123046875
371.0,1.9213584136962891,371.000000125,0.00996368408203125
371.5,1.9064279937744142,371.500000125,0.00996368408203125
372.0,1.9014511871337891,372.000000125,0.004981842041015625
372.5,1.9114048004150392,372.500000125,0.004981842041015625
373.0,1.9114048004150392,373.000000125,0.004981842041015625
373.5,1.9114048004150392,373.500000125,0.014945526123046875
374.0,1.9114048004150392,374.000000125,0.014945526123046875
374.5,1.9064279937744142,374.500000125,0.00996368408203125
