t1,ch1,t2,ch2
-375.0,2.0109409332275394,-374.999999875,0.014945526123046875
-374.5,2.015917739868164,-374.499999875,0.00996368408203125
-374.0,2.015917739868164,-373.999999875,0.014945526123046875
-373.5,2.5434592437744143,-373.499999875,0.00996368408203125
-373.0,3.0859311676025394,-372.999999875,0.00996368408203125
-372.5,3.4542148590087893,-372.499999875,0.00996368408203125
-372.0,3.6980783843994143,-371.999999875,0.0
-371.5,3.8722666168212894,-371.499999875,0.004981842041015625
-371.0,3.9867331695556643,-370.999999875,0.004981842041015625
-370.5,4.066362075805665,-370.499999875,0.004981842041015625
-370.0,4.12110694885254,-369.999999875,0.004981842041015625
-369.5,4.160921401977539,-369.499999875,0.00996368408203125
-369.0,4.195759048461914,-368.999999875,0.004981842041015625
-368.5,4.2156662750244145,-368.499999875,0.0
-368.0,4.220643081665039,-367.999999875,0.0
-367.5,4.255480728149414,-367.499999875,0.014945526123046875
-367.0,4.2604575347900395,-366.999999875,0.004981842041015625
-366.5,4.2604575347900395,-366.499999875,0.0
-366.0,4.275387954711914,-365.999999875,0.00996368408203125
-365.5,4.285341567993164,-365.499999875,0.004981842041015625
-365.0,4.2952951812744145,-364.999999875,0.00996368408203125
-364.5,4.2952951812744145,-364.499999875,0.014945526123046875
-364.0,4.290318374633789,-363.999999875,0.014945526123046875
-363.5,4.2952951812744145,-363.499999875,0.004981842041015625
-363.0,4.2952951812744145,-362.999999875,0.004981842041015625
-362.5,4.300271987915039,-362.499999875,0.0
-362.0,4.300271987915039,-361.999999875,0.00996368408203125
-361.5,4.305248794555665,-361.499999875,0.024909210205078126
-361.0,4.305248794555665,-360.999999875,0.024909210205078126
-360.5,4.2952951812744145,-360.499999875,0.0199273681640625
-360.0,4.300271987915039,-359.999999875,0.00996368408203125
-359.5,4.305248794555665,-359.499999875,0.0199273681640625
-359.0,4.300271987915039,-358.999999875,0.00996368408203125
-358.5,4.290318374633789,-358.499999875,0.00996368408203125
-358.0,4.2952951812744145,-357.999999875,0.00996368408203125
-357.5,4.300271987915039,-357.499999875,0.004981842041015625
-357.0,4.2952951812744145,-356.999999875,0.00996368408203125
-356.5,4.2952951812744145,-356.499999875,0.00996368408203125
-356.0,4.2952951812744145,-355.999999875,0.00996368408203125
-355.5,4.310225601196289,-355.499999875,0.014945526123046875
-355.0,4.290318374633789,-354.999999875,0.014945526123046875
-354.5,4.285341567993164,-354.499999875,0.00996368408203125
-354.0,4.285341567993164,-353.999999875,0.00996368408203125
-353.5,4.290318374633789,-353.499999875,0.0199273681640625
-353.0,4.285341567993164,-352.999999875,0.00996368408203125
-352.5,4.285341567993164,-352.499999875,0.00996368408203125
-352.0,4.285341567993164,-351.999999875,0.014945526123046875
-351.5,4.2952951812744145,-351.499999875,0.0199273681640625
-351.0,4.285341567993164,-350.999999875,0.014945526123046875
-350.5,4.285341567993164,-350.499999875,0.00996368408203125
-350.0,4.275387954711914,-349.999999875,0.014945526123046875
-349.5,4.285341567993164,-349.499999875,0.00996368408203125
-349.0,4.290318374633789,-348.999999875,0.00996368408203125
-348.5,4.275387954711914,-348.499999875,0.004981842041015625
-348.0,4.275387954711914,-347.999999875,0.004981842041015625
-347.5,4.265434341430664,-347.499999875,0.00996368408203125
-347.0,4.27041114807129,-346.999999875,0.00996368408203125
-346.5,4.255480728149414,-346.499999875,0.0
-346.0,4.265434341430664,-345.999999875,0.00996368408203125
-345.5,4.2604575347900395,-345.499999875,0.00996368408203125
-345.0,4.265434341430664,-344.999999875,0.014945526123046875
-344.5,4.2604575347900395,-344.499999875,0.00996368408203125
-344.0,4.2604575347900395,-343.999999875,0.00996368408203125
-343.5,4.265434341430664,-343.499999875,0.004981842041015625
-343.0,4.2604575347900395,-342.999999875,0.004981842041015625
-342.5,4.2604575347900395,-342.499999875,0.0
-342.0,4.265434341430664,-341.999999875,0.014945526123046875
-341.5,4.2604575347900395,-341.499999875,0.004981842041015625
-341.0,4.255480728149414,-340.999999875,0.014945526123046875
-340.5,4.255480728149414,-340.499999875,0.004981842041015625
-340.0,4.2604575347900395,-339.999999875,0.00996368408203125
-339.5,4.265434341430664,-339.499999875,0.00996368408203125
-339.0,4.255480728149414,-338.999999875,0.00996368408203125
-338.5,4.265434341430664,-338.499999875,0.00996368408203125
-338.0,4.245527114868165,-337.999999875,0.004981842041015625
-337.5,4.2604575347900395,-337.499999875,0.014945526123046875
-337.0,4.255480728149414,-336.999999875,0.004981842041015625
-336.5,4.2604575347900395,-336.499999875,0.014945526123046875
-336.0,4.250503921508789,-335.999999875,0.00996368408203125
-335.5,4.250503921508789,-335.499999875,0.00996368408203125
-335.0,4.240550308227539,-334.999999875,0.00996368408203125
-334.5,4.255480728149414,-334.499999875,0.0199273681640625
-334.0,4.2604575347900395,-333.999999875,0.014945526123046875
-333.5,4.240550308227539,-333.499999875,0.00996368408203125
-333.0,4.240550308227539,-332.999999875,0.004981842041015625
-332.5,4.245527114868165,-332.499999875,0.00996368408203125
-332.0,4.235573501586915,-331.999999875,0.004981842041015625
-331.5,4.240550308227539,-331.499999875,0.004981842041015625
-331.0,4.235573501586915,-330.999999875,0.0
-330.5,4.245527114868165,-330.499999875,0.014945526123046875
-330.0,4.245527114868165,-329.999999875,0.00996368408203125
-329.5,4.245527114868165,-329.499999875,0.004981842041015625
-329.0,4.240550308227539,-328.999999875,0.014945526123046875
-328.5,4.240550308227539,-328.499999875,0.014945526123046875
-328.0,4.230596694946289,-327.999999875,0.004981842041015625
-327.5,4.225619888305665,-327.499999875,0.004981842041015625
-327.0,4.235573501586915,-326.999999875,0.00996368408203125
-326.5,4.230596694946289,-326.499999875,0.014945526123046875
-326.0,4.240550308227539,-325.999999875,0.00996368408203125
-325.5,4.230596694946289,-325.499999875,0.014945526123046875
-325.0,4.225619888305665,-324.999999875,0.014945526123046875
-324.5,4.230596694946289,-324.499999875,0.00996368408203125
-324.0,4.230596694946289,-323.999999875,0.014945526123046875
-323.5,4.220643081665039,-323.499999875,0.00996368408203125
-323.0,4.225619888305665,-322.999999875,0.00996368408203125
-322.5,4.225619888305665,-322.499999875,0.00996368408203125
-322.0,4.210689468383789,-321.999999875,0.00996368408203125
-321.5,4.220643081665039,-321.499999875,0.004981842041015625
-321.0,4.220643081665039,-320.999999875,0.004981842041015625
-320.5,4.220643081665039,-320.499999875,0.00996368408203125
-320.0,4.2156662750244145,-319.999999875,0.00996368408203125
-319.5,4.225619888305665,-319.499999875,0.0199273681640625
-319.0,4.2156662750244145,-318.999999875,0.014945526123046875
-318.5,4.20073585510254,-318.499999875,0.00996368408203125
-318.0,4.210689468383789,-317.999999875,0.00996368408203125
-317.5,4.20073585510254,-317.499999875,0.00996368408203125
-317.0,4.2156662750244145,-316.999999875,0.0199273681640625
-316.5,4.2156662750244145,-316.499999875,0.014945526123046875
-316.0,4.20073585510254,-315.999999875,0.00996368408203125
-315.5,4.205712661743164,-315.499999875,0.00996368408203125
-315.0,4.20073585510254,-314.999999875,0.004981842041015625
-314.5,4.220643081665039,-314.499999875,0.00996368408203125
-314.0,4.20073585510254,-313.999999875,0.004981842041015625
-313.5,4.20073585510254,-313.499999875,0.014945526123046875
-313.0,4.2156662750244145,-312.999999875,0.00996368408203125
-312.5,4.20073585510254,-312.499999875,0.00996368408203125
-312.0,4.20073585510254,-311.999999875,0.014945526123046875
-311.5,4.19078224182129,-311.499999875,0.0
-311.0,4.20073585510254,-310.999999875,0.014945526123046875
-310.5,4.20073585510254,-310.499999875,0.0199273681640625
-310.0,4.195759048461914,-309.999999875,0.0
-309.5,4.19078224182129,-309.499999875,0.00996368408203125
-309.0,4.195759048461914,-308.999999875,0.014945526123046875
-308.5,4.185805435180664,-308.499999875,0.00996368408203125
-308.0,4.19078224182129,-307.999999875,0.00996368408203125
-307.5,4.195759048461914,-307.499999875,0.00996368408203125
-307.0,4.185805435180664,-306.999999875,0.004981842041015625
-306.5,4.19078224182129,-306.499999875,0.00996368408203125
-306.0,4.185805435180664,-305.999999875,0.00996368408203125
-305.5,4.185805435180664,-305.499999875,0.014945526123046875
-305.0,4.185805435180664,-304.999999875,0.00996368408203125
-304.5,4.185805435180664,-304.499999875,0.00996368408203125
-304.0,4.195759048461914,-303.999999875,0.014945526123046875
-303.5,4.205712661743164,-303.499999875,0.014945526123046875
-303.0,4.20073585510254,-302.999999875,0.00996368408203125
-302.5,4.195759048461914,-302.499999875,0.00996368408203125
-302.0,4.19078224182129,-301.999999875,0.004981842041015625
-301.5,4.19078224182129,-301.499999875,0.014945526123046875
-301.0,4.195759048461914,-300.999999875,0.00996368408203125
-300.5,4.19078224182129,-300.499999875,0.00996368408203125
-300.0,4.185805435180664,-299.999999875,0.014945526123046875
-299.5,4.19078224182129,-299.499999875,0.014945526123046875
-299.0,4.185805435180664,-298.999999875,0.00996368408203125
-298.5,4.19078224182129,-298.499999875,0.0199273681640625
-298.0,4.18082862854004,-297.999999875,0.00996368408203125
-297.5,4.18082862854004,-297.499999875,0.00996368408203125
-297.0,4.18082862854004,-296.999999875,0.004981842041015625
-296.5,4.1708750152587895,-296.499999875,0.004981842041015625
-296.0,4.18082862854004,-295.999999875,0.024909210205078126
-295.5,4.18082862854004,-295.499999875,0.00996368408203125
-295.0,4.195759048461914,-294.999999875,0.014945526123046875
-294.5,4.19078224182129,-294.499999875,0.014945526123046875
-294.0,4.175851821899414,-293.999999875,0.00996368408203125
-293.5,4.19078224182129,-293.499999875,0.00996368408203125
-293.0,4.19078224182129,-292.999999875,0.00996368408203125
-292.5,4.185805435180664,-292.499999875,0.014945526123046875
-292.0,4.195759048461914,-291.999999875,0.024909210205078126
-291.5,4.175851821899414,-291.499999875,0.014945526123046875
-291.0,4.1708750152587895,-290.999999875,0.014945526123046875
-290.5,4.175851821899414,-290.499999875,0.00996368408203125
-290.0,4.175851821899414,-289.999999875,0.004981842041015625
-289.5,4.18082862854004,-289.499999875,0.00996368408203125
-289.0,4.19078224182129,-288.999999875,0.00996368408203125
-288.5,4.165898208618164,-288.499999875,0.014945526123046875
-288.0,4.1708750152587895,-287.999999875,0.004981842041015625
-287.5,4.19078224182129,-287.499999875,0.004981842041015625
-287.0,4.19078224182129,-286.999999875,0.004981842041015625
-286.5,4.185805435180664,-286.499999875,0.014945526123046875
-286.0,4.160921401977539,-285.999999875,0.004981842041015625
-285.5,4.195759048461914,-285.499999875,0.00996368408203125
-285.0,4.175851821899414,-284.999999875,0.014945526123046875
-284.5,4.155944595336915,-284.499999875,0.004981842041015625
-284.0,4.175851821899414,-283.999999875,0.00996368408203125
-283.5,4.195759048461914,-283.499999875,0.0199273681640625
-283.0,4.175851821899414,-282.999999875,0.00996368408203125
-282.5,4.18082862854004,-282.499999875,0.00996368408203125
-282.0,4.175851821899414,-281.999999875,0.00996368408203125
-281.5,4.165898208618164,-281.499999875,0.014945526123046875
-281.0,4.145990982055665,-280.999999875,0.0
-280.5,4.145990982055665,-280.499999875,0.014945526123046875
-280.0,4.18082862854004,-279.999999875,0.00996368408203125
-279.5,4.175851821899414,-279.499999875,0.004981842041015625
-279.0,4.18082862854004,-278.999999875,0.0
-278.5,4.175851821899414,-278.499999875,0.004981842041015625
-278.0,4.165898208618164,-277.999999875,0.00996368408203125
-277.5,4.1708750152587895,-277.499999875,0.00996368408203125
-277.0,4.1708750152587895,-276.999999875,0.00996368408203125
-276.5,4.165898208618164,-276.499999875,0.014945526123046875
-276.0,4.150967788696289,-275.999999875,0.004981842041015625
-275.5,4.160921401977539,-275.499999875,0.004981842041015625
-275.0,4.155944595336915,-274.999999875,0.00996368408203125
-274.5,4.141014175415039,-274.499999875,0.014945526123046875
-274.0,4.1708750152587895,-273.999999875,0.00996368408203125
-273.5,4.175851821899414,-273.499999875,0.00996368408203125
-273.0,4.175851821899414,-272.999999875,0.014945526123046875
-272.5,4.175851821899414,-272.499999875,0.00996368408203125
-272.0,4.155944595336915,-271.999999875,0.00996368408203125
-271.5,4.165898208618164,-271.499999875,0.00996368408203125
-271.0,4.1708750152587895,-270.999999875,0.00996368408203125
-270.5,4.1708750152587895,-270.499999875,0.0199273681640625
-270.0,4.165898208618164,-269.999999875,0.014945526123046875
-269.5,4.1708750152587895,-269.499999875,0.00996368408203125
-269.0,4.160921401977539,-268.999999875,0.014945526123046875
-268.5,4.150967788696289,-268.499999875,0.0
-268.0,4.165898208618164,-267.999999875,0.00996368408203125
-267.5,4.165898208618164,-267.499999875,0.00996368408203125
-267.0,4.165898208618164,-266.999999875,0.00996368408203125
-266.5,4.160921401977539,-266.499999875,0.004981842041015625
-266.0,4.160921401977539,-265.999999875,0.00996368408203125
-265.5,4.155944595336915,-265.499999875,0.0199273681640625
-265.0,4.160921401977539,-264.999999875,0.004981842041015625
-264.5,4.150967788696289,-264.499999875,0.00996368408203125
-264.0,4.160921401977539,-263.999999875,0.014945526123046875
-263.5,4.155944595336915,-263.499999875,0.014945526123046875
-263.0,4.160921401977539,-262.999999875,0.00996368408203125
-262.5,4.165898208618164,-262.499999875,0.014945526123046875
-262.0,4.160921401977539,-261.999999875,0.004981842041015625
-261.5,4.165898208618164,-261.499999875,0.00996368408203125
-261.0,4.1708750152587895,-260.999999875,0.014945526123046875
-260.5,4.155944595336915,-260.499999875,0.014945526123046875
-260.0,4.160921401977539,-259.999999875,0.014945526123046875
-259.5,4.165898208618164,-259.499999875,0.00996368408203125
-259.0,4.150967788696289,-258.999999875,0.00996368408203125
-258.5,4.155944595336915,-258.499999875,0.014945526123046875
-258.0,4.150967788696289,-257.999999875,0.00996368408203125
-257.5,4.145990982055665,-257.499999875,0.014945526123046875
-257.0,4.150967788696289,-256.999999875,0.0
-256.5,4.155944595336915,-256.499999875,0.014945526123046875
-256.0,4.160921401977539,-255.999999875,0.014945526123046875
-255.5,4.150967788696289,-255.499999875,0.014945526123046875
-255.0,4.150967788696289,-254.999999875,0.004981842041015625
-254.5,4.150967788696289,-254.499999875,0.00996368408203125
-254.0,4.141014175415039,-253.999999875,0.004981842041015625
-253.5,4.1360373687744145,-253.499999875,0.00996368408203125
-253.0,4.150967788696289,-252.999999875,0.014945526123046875
-252.5,4.1360373687744145,-252.499999875,0.004981842041015625
-252.0,4.141014175415039,-251.999999875,0.00996368408203125
-251.5,4.141014175415039,-251.499999875,0.014945526123046875
-251.0,4.145990982055665,-250.999999875,0.00996368408203125
-250.5,4.1360373687744145,-250.499999875,0.00996368408203125
-250.0,4.1360373687744145,-249.999999875,0.00996368408203125
-249.5,4.141014175415039,-249.499999875,0.004981842041015625
-249.0,4.1360373687744145,-248.999999875,0.004981842041015625
-248.5,4.116130142211914,-248.499999875,0.00996368408203125
-248.0,4.126083755493164,-247.999999875,0.004981842041015625
-247.5,4.126083755493164,-247.499999875,0.00996368408203125
-247.0,4.12110694885254,-246.999999875,0.00996368408203125
-246.5,4.126083755493164,-246.499999875,0.014945526123046875
-246.0,4.0912461090087895,-245.999999875,0.004981842041015625
-245.5,4.0912461090087895,-245.499999875,0.004981842041015625
-245.0,4.131060562133789,-244.999999875,0.014945526123046875
-244.5,4.1360373687744145,-244.499999875,0.004981842041015625
-244.0,4.131060562133789,-243.999999875,0.014945526123046875
-243.5,4.131060562133789,-243.499999875,0.00996368408203125
-243.0,4.12110694885254,-242.999999875,0.004981842041015625
-242.5,4.12110694885254,-242.499999875,0.00996368408203125
-242.0,4.126083755493164,-241.999999875,0.00996368408203125
-241.5,4.131060562133789,-241.499999875,0.0199273681640625
-241.0,4.126083755493164,-240.999999875,0.004981842041015625
-240.5,4.12110694885254,-240.499999875,0.014945526123046875
-240.0,4.116130142211914,-239.999999875,0.014945526123046875
-239.5,4.116130142211914,-239.499999875,0.00996368408203125
-239.0,4.106176528930664,-238.999999875,0.00996368408203125
-238.5,4.106176528930664,-238.499999875,0.00996368408203125
-238.0,4.116130142211914,-237.999999875,0.00996368408203125
-237.5,4.106176528930664,-237.499999875,0.014945526123046875
-237.0,4.116130142211914,-236.999999875,0.00996368408203125
-236.5,4.11115333557129,-236.499999875,0.00996368408203125
-236.0,4.116130142211914,-235.999999875,0.004981842041015625
-235.5,4.11115333557129,-235.499999875,0.014945526123046875
-235.0,4.11115333557129,-234.999999875,0.00996368408203125
-234.5,4.11115333557129,-234.499999875,0.014945526123046875
-234.0,4.10119972229004,-233.999999875,0.00996368408203125
-233.5,4.11115333557129,-233.499999875,0.004981842041015625
-233.0,4.096222915649414,-232.999999875,0.014945526123046875
-232.5,4.12110694885254,-232.499999875,0.014945526123046875
-232.0,4.11115333557129,-231.999999875,0.00996368408203125
-231.5,4.106176528930664,-231.499999875,0.00996368408203125
-231.0,4.096222915649414,-230.999999875,0.004981842041015625
-230.5,4.096222915649414,-230.499999875,0.00996368408203125
-230.0,4.10119972229004,-229.999999875,0.004981842041015625
-229.5,4.106176528930664,-229.499999875,0.00996368408203125
-229.0,4.0912461090087895,-228.999999875,0.0
-228.5,4.096222915649414,-228.499999875,0.004981842041015625
-228.0,4.096222915649414,-227.999999875,0.004981842041015625
-227.5,4.106176528930664,-227.499999875,0.014945526123046875
-227.0,4.10119972229004,-226.999999875,0.00996368408203125
-226.5,4.10119972229004,-226.499999875,0.004981842041015625
-226.0,4.096222915649414,-225.999999875,0.00996368408203125
-225.5,4.10119972229004,-225.499999875,0.00996368408203125
-225.0,4.096222915649414,-224.999999875,0.014945526123046875
-224.5,4.106176528930664,-224.499999875,0.004981842041015625
-224.0,4.10119972229004,-223.999999875,0.00996368408203125
-223.5,4.096222915649414,-223.499999875,0.014945526123046875
-223.0,4.096222915649414,-222.999999875,0.014945526123046875
-222.5,4.0912461090087895,-222.499999875,0.00996368408203125
-222.0,4.0912461090087895,-221.999999875,0.00996368408203125
-221.5,4.056408462524415,-221.499999875,0.00996368408203125
-221.0,4.0464548492431645,-220.999999875,0.014945526123046875
-220.5,4.051431655883789,-220.499999875,0.014945526123046875
-220.0,4.116130142211914,-219.999999875,0.00996368408203125
-219.5,4.11115333557129,-219.499999875,0.004981842041015625
-219.0,4.116130142211914,-218.999999875,0.014945526123046875
-218.5,4.116130142211914,-218.499999875,0.004981842041015625
-218.0,4.10119972229004,-217.999999875,0.004981842041015625
-217.5,4.076315689086915,-217.499999875,0.004981842041015625
-217.0,4.076315689086915,-216.999999875,0.00996368408203125
-216.5,4.076315689086915,-216.499999875,0.014945526123046875
-216.0,4.061385269165039,-215.999999875,0.014945526123046875
-215.5,4.066362075805665,-215.499999875,0.004981842041015625
-215.0,4.041478042602539,-214.999999875,0.00996368408203125
-214.5,4.03152442932129,-214.499999875,0.00996368408203125
-214.0,4.026547622680664,-213.999999875,0.004981842041015625
-213.5,4.041478042602539,-213.499999875,0.004981842041015625
-213.0,4.056408462524415,-212.999999875,0.0
-212.5,4.056408462524415,-212.499999875,0.00996368408203125
-212.0,4.0464548492431645,-211.999999875,0.014945526123046875
-211.5,4.081292495727539,-211.499999875,0.014945526123046875
-211.0,4.076315689086915,-210.999999875,0.00996368408203125
-210.5,4.071338882446289,-210.499999875,0.004981842041015625
-210.0,4.061385269165039,-209.999999875,0.004981842041015625
-209.5,4.081292495727539,-209.499999875,0.004981842041015625
-209.0,4.076315689086915,-208.999999875,0.004981842041015625
-208.5,4.081292495727539,-208.499999875,0.014945526123046875
-208.0,4.086269302368164,-207.999999875,0.014945526123046875
-207.5,4.071338882446289,-207.499999875,0.00996368408203125
-207.0,4.066362075805665,-206.999999875,0.00996368408203125
-206.5,4.071338882446289,-206.499999875,0.00996368408203125
-206.0,4.071338882446289,-205.999999875,0.014945526123046875
-205.5,4.061385269165039,-205.499999875,0.00996368408203125
-205.0,4.066362075805665,-204.999999875,0.00996368408203125
-204.5,4.071338882446289,-204.499999875,0.00996368408203125
-204.0,4.066362075805665,-203.999999875,0.00996368408203125
-203.5,4.071338882446289,-203.499999875,0.014945526123046875
-203.0,4.066362075805665,-202.999999875,0.014945526123046875
-202.5,4.061385269165039,-202.499999875,0.004981842041015625
-202.0,4.071338882446289,-201.999999875,0.00996368408203125
-201.5,4.061385269165039,-201.499999875,0.014945526123046875
-201.0,4.066362075805665,-200.999999875,0.004981842041015625
-200.5,4.056408462524415,-200.499999875,0.004981842041015625
-200.0,4.056408462524415,-199.999999875,0.0
-199.5,4.061385269165039,-199.499999875,0.0
-199.0,4.061385269165039,-198.999999875,0.014945526123046875
-198.5,4.051431655883789,-198.499999875,0.014945526123046875
-198.0,4.076315689086915,-197.999999875,0.00996368408203125
-197.5,4.061385269165039,-197.499999875,0.014945526123046875
-197.0,4.0464548492431645,-196.999999875,0.00996368408203125
-196.5,4.0464548492431645,-196.499999875,0.0
-196.0,4.071338882446289,-195.999999875,0.004981842041015625
-195.5,4.081292495727539,-195.499999875,0.014945526123046875
-195.0,4.081292495727539,-194.999999875,0.0
-194.5,4.081292495727539,-194.499999875,0.004981842041015625
-194.0,4.0912461090087895,-193.999999875,0.0199273681640625
-193.5,4.076315689086915,-193.499999875,0.014945526123046875
-193.0,4.0912461090087895,-192.999999875,0.0199273681640625
-192.5,4.086269302368164,-192.499999875,0.014945526123046875
-192.0,4.086269302368164,-191.999999875,0.00996368408203125
-191.5,4.096222915649414,-191.499999875,0.004981842041015625
-191.0,4.0912461090087895,-190.999999875,0.0199273681640625
-190.5,4.0912461090087895,-190.499999875,0.014945526123046875
-190.0,4.086269302368164,-189.999999875,0.00996368408203125
-189.5,2.0358249664306642,-189.499999875,0.004981842041015625
-189.0,2.030848159790039,-188.999999875,-0.004981842041015625
-188.5,2.0408017730712893,-188.499999875,0.004981842041015625
-188.0,2.0358249664306642,-187.999999875,0.004981842041015625
-187.5,2.0457785797119143,-187.499999875,0.00996368408203125
-187.0,2.030848159790039,-186.999999875,0.004981842041015625
-186.5,2.0358249664306642,-186.499999875,0.004981842041015625
-186.0,2.025871353149414,-185.999999875,0.004981842041015625
-185.5,2.0358249664306642,-185.499999875,0.0
-185.0,2.0358249664306642,-184.999999875,0.00996368408203125
-184.5,2.0358249664306642,-184.499999875,0.004981842041015625
-184.0,2.0358249664306642,-183.999999875,0.004981842041015625
-183.5,2.0457785797119143,-183.499999875,0.004981842041015625
-183.0,2.0358249664306642,-182.999999875,0.004981842041015625
-182.5,2.030848159790039,-182.499999875,0.004981842041015625
-182.0,2.0358249664306642,-181.999999875,0.0
-181.5,2.0358249664306642,-181.499999875,0.004981842041015625
-181.0,2.0408017730712893,-180.999999875,0.00996368408203125
-180.5,2.030848159790039,-180.499999875,0.004981842041015625
-180.0,2.030848159790039,-179.999999875,0.0
-179.5,2.0358249664306642,-179.499999875,0.004981842041015625
-179.0,2.0358249664306642,-178.999999875,0.004981842041015625
-178.5,2.0358249664306642,-178.499999875,0.004981842041015625
-178.0,2.030848159790039,-177.999999875,0.0
-177.5,2.030848159790039,-177.499999875,0.00996368408203125
-177.0,2.0358249664306642,-176.999999875,0.004981842041015625
-176.5,2.030848159790039,-176.499999875,0.004981842041015625
-176.0,2.0358249664306642,-175.999999875,0.004981842041015625
-175.5,2.030848159790039,-175.499999875,0.004981842041015625
-175.0,2.0358249664306642,-174.999999875,0.004981842041015625
-174.5,2.0358249664306642,-174.499999875,0.004981842041015625
-174.0,2.0358249664306642,-173.999999875,0.004981842041015625
-173.5,2.030848159790039,-173.499999875,0.0
-173.0,2.0358249664306642,-172.999999875,0.00996368408203125
-172.5,2.030848159790039,-172.499999875,-0.004981842041015625
-172.0,2.0358249664306642,-171.999999875,0.00996368408203125
-171.5,2.0358249664306642,-171.499999875,0.00996368408203125
-171.0,2.0408017730712893,-170.999999875,0.00996368408203125
-170.5,2.030848159790039,-170.499999875,0.004981842041015625
-170.0,2.0408017730712893,-169.999999875,0.004981842041015625
-169.5,2.0358249664306642,-169.499999875,0.004981842041015625
-169.0,2.0408017730712893,-168.999999875,0.004981842041015625
-168.5,2.0408017730712893,-168.499999875,0.004981842041015625
-168.0,2.0408017730712893,-167.999999875,0.004981842041015625
-167.5,2.030848159790039,-167.499999875,0.0
-167.0,2.0358249664306642,-166.999999875,0.0
-166.5,2.0457785797119143,-166.499999875,0.004981842041015625
-166.0,2.0358249664306642,-165.999999875,0.00996368408203125
-165.5,2.0358249664306642,-165.499999875,0.00996368408203125
-165.0,2.0358249664306642,-164.999999875,0.004981842041015625
-164.5,2.0408017730712893,-164.499999875,0.004981842041015625
-164.0,2.030848159790039,-163.999999875,0.004981842041015625
-163.5,2.0408017730712893,-163.499999875,0.004981842041015625
-163.0,2.0358249664306642,-162.999999875,0.0
-162.5,2.0358249664306642,-162.499999875,0.004981842041015625
-162.0,2.0408017730712893,-161.999999875,0.00996368408203125
-161.5,2.0358249664306642,-161.499999875,0.0
-161.0,2.0358249664306642,-160.999999875,0.004981842041015625
-160.5,2.0457785797119143,-160.499999875,0.004981842041015625
-160.0,2.0408017730712893,-159.999999875,0.0
-159.5,2.0457785797119143,-159.499999875,0.0
-159.0,2.0358249664306642,-158.999999875,-0.004981842041015625
-158.5,2.0358249664306642,-158.499999875,0.0
-158.0,2.0457785797119143,-157.999999875,0.004981842041015625
-157.5,2.0358249664306642,-157.499999875,0.0
-157.0,2.0408017730712893,-156.999999875,0.0
-156.5,2.0358249664306642,-156.499999875,0.0
-156.0,2.0358249664306642,-155.999999875,0.004981842041015625
-155.5,2.0358249664306642,-155.499999875,0.00996368408203125
-155.0,2.0408017730712893,-154.999999875,0.00996368408203125
-154.5,2.0358249664306642,-154.499999875,0.00996368408203125
-154.0,2.0358249664306642,-153.999999875,0.004981842041015625
-153.5,2.0358249664306642,-153.499999875,0.0
-153.0,2.0408017730712893,-152.999999875,0.014945526123046875
-152.5,2.0408017730712893,-152.499999875,0.004981842041015625
-152.0,2.0358249664306642,-151.999999875,0.004981842041015625
-151.5,2.0408017730712893,-151.499999875,0.004981842041015625
-151.0,2.0408017730712893,-150.999999875,0.0
-150.5,2.0408017730712893,-150.499999875,0.00996368408203125
-150.0,2.0358249664306642,-149.999999875,0.014945526123046875
-149.5,2.0457785797119143,-149.499999875,0.004981842041015625
-149.0,2.0358249664306642,-148.999999875,0.004981842041015625
-148.5,2.0358249664306642,-148.499999875,0.00996368408203125
-148.0,2.0358249664306642,-147.999999875,0.004981842041015625
-147.5,2.0358249664306642,-147.499999875,0.0
-147.0,2.0358249664306642,-146.999999875,0.004981842041015625
-146.5,2.0358249664306642,-146.499999875,0.004981842041015625
-146.0,2.0457785797119143,-145.999999875,0.0
-145.5,2.0358249664306642,-145.499999875,0.00996368408203125
-145.0,2.030848159790039,-144.999999875,0.004981842041015625
-144.5,2.0408017730712893,-144.499999875,0.004981842041015625
-144.0,2.0457785797119143,-143.999999875,0.004981842041015625
-143.5,2.0408017730712893,-143.499999875,0.0
-143.0,2.0408017730712893,-142.999999875,0.004981842041015625
-142.5,2.0358249664306642,-142.499999875,0.0
-142.0,2.0408017730712893,-141.999999875,0.00996368408203125
-141.5,2.0408017730712893,-141.499999875,0.004981842041015625
-141.0,2.0358249664306642,-140.999999875,0.004981842041015625
-140.5,2.0408017730712893,-140.499999875,0.014945526123046875
-140.0,2.0358249664306642,-139.999999875,0.0
-139.5,2.0408017730712893,-139.499999875,0.004981842041015625
-139.0,2.0408017730712893,-138.999999875,0.00996368408203125
-138.5,2.0358249664306642,-138.499999875,0.00996368408203125
-138.0,2.0358249664306642,-137.999999875,0.004981842041015625
-137.5,2.0408017730712893,-137.499999875,0.004981842041015625
-137.0,2.0408017730712893,-136.999999875,0.004981842041015625
-136.5,2.0507553863525394,-136.499999875,0.00996368408203125
-136.0,2.030848159790039,-135.999999875,0.004981842041015625
-135.5,2.0358249664306642,-135.499999875,0.0
-135.0,2.030848159790039,-134.999999875,0.004981842041015625
-134.5,2.0358249664306642,-134.499999875,0.004981842041015625
-134.0,2.0358249664306642,-133.999999875,0.004981842041015625
-133.5,2.030848159790039,-133.499999875,0.004981842041015625
-133.0,2.0358249664306642,-132.999999875,0.00996368408203125
-132.5,2.0408017730712893,-132.499999875,0.004981842041015625
-132.0,2.0358249664306642,-131.999999875,0.004981842041015625
-131.5,2.030848159790039,-131.499999875,0.00996368408203125
-131.0,2.0457785797119143,-130.999999875,0.004981842041015625
-130.5,2.0408017730712893,-130.499999875,0.0
-130.0,2.0358249664306642,-129.999999875,0.0
-129.5,2.0408017730712893,-129.499999875,0.004981842041015625
-129.0,2.030848159790039,-128.999999875,-0.004981842041015625
-128.5,2.0358249664306642,-128.499999875,0.00996368408203125
-128.0,2.0358249664306642,-127.999999875,0.004981842041015625
-127.5,2.025871353149414,-127.499999875,0.004981842041015625
-127.0,2.0358249664306642,-126.999999875,0.00996368408203125
-126.5,2.0358249664306642,-126.499999875,0.004981842041015625
-126.0,2.0457785797119143,-125.999999875,0.00996368408203125
-125.5,2.0358249664306642,-125.499999875,0.004981842041015625
-125.0,2.030848159790039,-124.999999875,0.0
-124.5,2.0408017730712893,-124.499999875,0.004981842041015625
-124.0,2.0408017730712893,-123.999999875,0.00996368408203125
-123.5,2.0408017730712893,-123.499999875,0.00996368408203125
-123.0,2.030848159790039,-122.999999875,0.004981842041015625
-122.5,2.0408017730712893,-122.499999875,0.00996368408203125
-122.0,2.0408017730712893,-121.999999875,0.004981842041015625
-121.5,2.030848159790039,-121.499999875,0.004981842041015625
-121.0,2.030848159790039,-120.999999875,0.004981842041015625
-120.5,2.0358249664306642,-120.499999875,0.00996368408203125
-120.0,2.0408017730712893,-119.999999875,0.0
-119.5,2.0358249664306642,-119.499999875,0.0
-119.0,2.0358249664306642,-118.999999875,0.004981842041015625
-118.5,2.0408017730712893,-118.499999875,0.00996368408203125
-118.0,2.030848159790039,-117.999999875,0.004981842041015625
-117.5,2.030848159790039,-117.499999875,0.004981842041015625
-117.0,2.0408017730712893,-116.999999875,0.00996368408203125
-116.5,2.0358249664306642,-116.499999875,0.0
-116.0,2.030848159790039,-115.999999875,0.0
-115.5,2.0408017730712893,-115.499999875,0.0
-115.0,2.0358249664306642,-114.999999875,0.00996368408203125
-114.5,2.0358249664306642,-114.499999875,0.00996368408203125
-114.0,2.0358249664306642,-113.999999875,0.004981842041015625
-113.5,2.0358249664306642,-113.499999875,-0.004981842041015625
-113.0,2.0457785797119143,-112.999999875,0.004981842041015625
-112.5,2.030848159790039,-112.499999875,0.004981842041015625
-112.0,2.0408017730712893,-111.999999875,0.004981842041015625
-111.5,2.0408017730712893,-111.499999875,0.00996368408203125
-111.0,2.0408017730712893,-110.999999875,0.00996368408203125
-110.5,2.0408017730712893,-110.499999875,0.004981842041015625
-110.0,2.0408017730712893,-109.999999875,0.014945526123046875
-109.5,2.0358249664306642,-109.499999875,0.00996368408203125
-109.0,2.0507553863525394,-108.999999875,0.004981842041015625
-108.5,2.0358249664306642,-108.499999875,0.0
-108.0,2.0358249664306642,-107.999999875,0.004981842041015625
-107.5,2.0408017730712893,-107.499999875,0.00996368408203125
-107.0,2.0408017730712893,-106.999999875,0.004981842041015625
-106.5,2.0457785797119143,-106.499999875,0.00996368408203125
-106.0,2.0457785797119143,-105.999999875,0.004981842041015625
-105.5,2.030848159790039,-105.499999875,0.0
-105.0,2.0358249664306642,-104.999999875,0.004981842041015625
-104.5,2.0408017730712893,-104.499999875,0.00996368408203125
-104.0,2.0358249664306642,-103.999999875,0.004981842041015625
-103.5,2.0457785797119143,-103.499999875,0.00996368408203125
-103.0,2.0408017730712893,-102.999999875,0.0
-102.5,2.0358249664306642,-102.499999875,0.00996368408203125
-102.0,2.0408017730712893,-101.999999875,0.004981842041015625
-101.5,2.0408017730712893,-101.499999875,0.0
-101.0,2.0358249664306642,-100.999999875,-0.004981842041015625
-100.5,2.0358249664306642,-100.499999875,0.004981842041015625
-100.0,2.0457785797119143,-99.999999875,0.004981842041015625
-99.5,2.0457785797119143,-99.499999875,0.00996368408203125
-99.0,2.0358249664306642,-98.999999875,0.004981842041015625
-98.5,2.0358249664306642,-98.499999875,0.004981842041015625
-98.0,2.0457785797119143,-97.999999875,0.014945526123046875
-97.5,2.0457785797119143,-97.499999875,0.004981842041015625
-97.0,2.0358249664306642,-96.999999875,0.00996368408203125
-96.5,2.0358249664306642,-96.499999875,0.00996368408203125
-96.0,2.0408017730712893,-95.999999875,0.004981842041015625
-95.5,2.0358249664306642,-95.499999875,0.0
-95.0,2.0408017730712893,-94.999999875,0.00996368408203125
-94.5,2.030848159790039,-94.499999875,0.0
-94.0,2.0408017730712893,-93.999999875,0.00996368408203125
-93.5,2.0408017730712893,-93.499999875,0.004981842041015625
-93.0,2.0358249664306642,-92.999999875,0.004981842041015625
-92.5,2.0358249664306642,-92.499999875,0.004981842041015625
-92.0,2.0358249664306642,-91.999999875,0.004981842041015625
-91.5,2.0408017730712893,-91.499999875,0.004981842041015625
-91.0,2.0358249664306642,-90.999999875,-0.004981842041015625
-90.5,2.030848159790039,-90.499999875,0.004981842041015625
-90.0,2.0408017730712893,-89.999999875,0.004981842041015625
-89.5,2.0457785797119143,-89.499999875,0.014945526123046875
-89.0,2.0507553863525394,-88.999999875,0.00996368408203125
-88.5,2.0457785797119143,-88.499999875,0.014945526123046875
-88.0,2.0358249664306642,-87.999999875,0.004981842041015625
-87.5,2.0358249664306642,-87.499999875,0.004981842041015625
-87.0,2.0457785797119143,-86.999999875,0.0199273681640625
-86.5,2.0408017730712893,-86.499999875,0.00996368408203125
-86.0,2.025871353149414,-85.999999875,0.004981842041015625
-85.5,2.0408017730712893,-85.499999875,0.004981842041015625
-85.0,2.0358249664306642,-84.999999875,0.00996368408203125
-84.5,2.0457785797119143,-84.499999875,0.004981842041015625
-84.0,2.0507553863525394,-83.999999875,0.014945526123046875
-83.5,2.0358249664306642,-83.499999875,0.00996368408203125
-83.0,2.0358249664306642,-82.999999875,0.004981842041015625
-82.5,2.030848159790039,-82.499999875,0.004981842041015625
-82.0,2.0358249664306642,-81.999999875,0.004981842041015625
-81.5,2.0408017730712893,-81.499999875,0.00996368408203125
-81.0,2.0408017730712893,-80.999999875,0.0
-80.5,2.0408017730712893,-80.499999875,0.004981842041015625
-80.0,2.0358249664306642,-79.999999875,0.0
-79.5,2.0408017730712893,-79.499999875,0.004981842041015625
-79.0,2.0408017730712893,-78.999999875,0.004981842041015625
-78.5,2.0408017730712893,-78.499999875,0.00996368408203125
-78.0,2.0457785797119143,-77.999999875,0.0
-77.5,2.0408017730712893,-77.499999875,0.014945526123046875
-77.0,2.0358249664306642,-76.999999875,0.004981842041015625
-76.5,2.0358249664306642,-76.499999875,0.004981842041015625
-76.0,2.0358249664306642,-75.999999875,0.00996368408203125
-75.5,2.0358249664306642,-75.499999875,0.00996368408203125
-75.0,2.0408017730712893,-74.999999875,0.00996368408203125
-74.5,2.0408017730712893,-74.499999875,0.00996368408203125
-74.0,2.0358249664306642,-73.999999875,0.00996368408203125
-73.5,2.030848159790039,-73.499999875,0.0
-73.0,2.0507553863525394,-72.999999875,0.00996368408203125
-72.5,2.0358249664306642,-72.499999875,0.00996368408203125
-72.0,2.0358249664306642,-71.999999875,0.014945526123046875
-71.5,2.0358249664306642,-71.499999875,0.004981842041015625
-71.0,2.030848159790039,-70.999999875,0.004981842041015625
-70.5,2.0408017730712893,-70.499999875,0.004981842041015625
-70.0,2.0408017730712893,-69.999999875,0.0
-69.5,2.0408017730712893,-69.499999875,0.00996368408203125
-69.0,2.0358249664306642,-68.999999875,0.00996368408203125
-68.5,2.0358249664306642,-68.499999875,0.00996368408203125
-68.0,2.030848159790039,-67.999999875,0.00996368408203125
-67.5,2.0408017730712893,-67.499999875,0.004981842041015625
-67.0,2.0358249664306642,-66.999999875,0.0
-66.5,2.030848159790039,-66.499999875,0.00996368408203125
-66.0,2.0358249664306642,-65.999999875,0.0
-65.5,2.0358249664306642,-65.499999875,0.004981842041015625
-65.0,2.0408017730712893,-64.999999875,0.004981842041015625
-64.5,2.0457785797119143,-64.499999875,0.00996368408203125
-64.0,2.0408017730712893,-63.999999875,0.00996368408203125
-63.5,2.0408017730712893,-63.499999875,0.00996368408203125
-63.0,2.0457785797119143,-62.999999875,0.00996368408203125
-62.5,2.0408017730712893,-62.499999875,0.004981842041015625
-62.0,2.0358249664306642,-61.999999875,0.0
-61.5,2.0358249664306642,-61.499999875,0.00996368408203125
-61.0,2.0358249664306642,-60.999999875,0.004981842041015625
-60.5,2.0408017730712893,-60.499999875,0.014945526123046875
-60.0,2.0358249664306642,-59.999999875,0.004981842041015625
-59.5,2.0408017730712893,-59.499999875,0.014945526123046875
-59.0,2.0358249664306642,-58.999999875,0.004981842041015625
-58.5,2.0408017730712893,-58.499999875,0.00996368408203125
-58.0,2.0408017730712893,-57.999999875,0.004981842041015625
-57.5,2.0358249664306642,-57.499999875,0.014945526123046875
-57.0,2.0408017730712893,-56.999999875,0.014945526123046875
-56.5,2.0358249664306642,-56.499999875,0.00996368408203125
-56.0,2.030848159790039,-55.999999875,0.00996368408203125
-55.5,2.0457785797119143,-55.499999875,0.00996368408203125
-55.0,2.0457785797119143,-54.999999875,0.00996368408203125
-54.5,2.0457785797119143,-54.499999875,0.014945526123046875
-54.0,2.0358249664306642,-53.999999875,0.00996368408203125
-53.5,2.0408017730712893,-53.499999875,0.004981842041015625
-53.0,2.030848159790039,-52.999999875,0.00996368408203125
-52.5,2.0408017730712893,-52.499999875,0.004981842041015625
-52.0,2.0358249664306642,-51.999999875,0.004981842041015625
-51.5,2.0457785797119143,-51.499999875,0.014945526123046875
-51.0,2.0408017730712893,-50.999999875,0.0
-50.5,2.0408017730712893,-50.499999875,0.0
-50.0,2.0408017730712893,-49.999999875,0.00996368408203125
-49.5,2.0408017730712893,-49.499999875,0.014945526123046875
-49.0,2.0457785797119143,-48.999999875,0.014945526123046875
-48.5,2.0457785797119143,-48.499999875,0.00996368408203125
-48.0,2.0408017730712893,-47.999999875,0.004981842041015625
-47.5,2.0457785797119143,-47.499999875,0.004981842041015625
-47.0,2.0457785797119143,-46.999999875,0.00996368408203125
-46.5,2.0457785797119143,-46.499999875,0.014945526123046875
-46.0,2.0457785797119143,-45.999999875,0.00996368408203125
-45.5,2.0358249664306642,-45.499999875,0.004981842041015625
-45.0,2.0358249664306642,-44.999999875,0.004981842041015625
-44.5,2.0408017730712893,-44.499999875,0.00996368408203125
-44.0,2.0408017730712893,-43.999999875,0.00996368408203125
-43.5,2.0408017730712893,-43.499999875,0.00996368408203125
-43.0,2.0408017730712893,-42.999999875,0.00996368408203125
-42.5,2.0457785797119143,-42.499999875,0.004981842041015625
-42.0,2.0408017730712893,-41.999999875,0.00996368408203125
-41.5,2.0408017730712893,-41.499999875,0.00996368408203125
-41.0,2.030848159790039,-40.999999875,0.004981842041015625
-40.5,2.0457785797119143,-40.499999875,0.00996368408203125
-40.0,2.0358249664306642,-39.999999875,0.00996368408203125
-39.5,2.0358249664306642,-39.499999875,0.004981842041015625
-39.0,2.0358249664306642,-38.999999875,0.014945526123046875
-38.5,2.0457785797119143,-38.499999875,0.014945526123046875
-38.0,2.0358249664306642,-37.999999875,0.004981842041015625
-37.5,2.0358249664306642,-37.499999875,0.0
-37.0,2.0408017730712893,-36.999999875,0.004981842041015625
-36.5,2.0408017730712893,-36.499999875,0.0
-36.0,2.0358249664306642,-35.999999875,0.0
-35.5,2.0507553863525394,-35.499999875,0.00996368408203125
-35.0,2.0507553863525394,-34.999999875,0.00996368408203125
-34.5,2.030848159790039,-34.499999875,0.00996368408203125
-34.0,2.0408017730712893,-33.999999875,0.004981842041015625
-33.5,2.0408017730712893,-33.499999875,0.014945526123046875
-33.0,2.0358249664306642,-32.999999875,0.00996368408203125
-32.5,2.0408017730712893,-32.499999875,0.00996368408203125
-32.0,2.0457785797119143,-31.999999875,0.00996368408203125
-31.5,2.0358249664306642,-31.499999875,0.004981842041015625
-31.0,2.0457785797119143,-30.999999875,0.014945526123046875
-30.5,2.0358249664306642,-30.499999875,0.004981842041015625
-30.0,2.0358249664306642,-29.999999875,0.004981842041015625
-29.5,2.0358249664306642,-29.499999875,0.004981842041015625
-29.0,2.0457785797119143,-28.999999875,0.00996368408203125
-28.5,2.0408017730712893,-28.499999875,0.00996368408203125
-28.0,2.0358249664306642,-27.999999875,0.004981842041015625
-27.5,2.0408017730712893,-27.499999875,0.004981842041015625
-27.0,2.0358249664306642,-26.999999875,0.004981842041015625
-26.5,2.0358249664306642,-26.499999875,0.00996368408203125
-26.0,2.0457785797119143,-25.999999875,0.00996368408203125
-25.5,2.0457785797119143,-25.499999875,0.00996368408203125
-25.0,2.0358249664306642,-24.999999875,0.00996368408203125
-24.5,2.0358249664306642,-24.499999875,0.0
-24.0,2.0358249664306642,-23.999999875,0.014945526123046875
-23.5,2.0358249664306642,-23.499999875,0.004981842041015625
-23.0,2.0457785797119143,-22.999999875,0.004981842041015625
-22.5,2.025871353149414,-22.499999875,0.004981842041015625
-22.0,2.0408017730712893,-21.999999875,-0.004981842041015625
-21.5,2.0408017730712893,-21.499999875,0.014945526123046875
-21.0,2.0408017730712893,-20.999999875,0.004981842041015625
-20.5,2.0408017730712893,-20.499999875,0.00996368408203125
-20.0,2.0457785797119143,-19.999999875,0.00996368408203125
-19.5,2.0408017730712893,-19.499999875,0.00996368408203125
-19.0,2.0358249664306642,-18.999999875,0.014945526123046875
-18.5,2.0358249664306642,-18.499999875,0.004981842041015625
-18.0,2.0408017730712893,-17.999999875,0.00996368408203125
-17.5,2.030848159790039,-17.499999875,0.00996368408203125
-17.0,2.0408017730712893,-16.999999875,0.004981842041015625
-16.5,2.0457785797119143,-16.499999875,0.014945526123046875
-16.0,2.0358249664306642,-15.999999875,0.004981842041015625
-15.5,2.0408017730712893,-15.499999875,0.004981842041015625
-15.0,2.0457785797119143,-14.999999875,0.014945526123046875
-14.5,2.0457785797119143,-14.499999875,0.00996368408203125
-14.0,2.0457785797119143,-13.999999875,0.014945526123046875
-13.5,2.0358249664306642,-13.499999875,0.004981842041015625
-13.0,2.0457785797119143,-12.999999875,0.00996368408203125
-12.5,2.0408017730712893,-12.499999875,0.00996368408203125
-12.0,2.0408017730712893,-11.999999875,0.014945526123046875
-11.5,2.0408017730712893,-11.499999875,0.004981842041015625
-11.0,2.030848159790039,-10.999999875,0.004981842041015625
-10.5,2.0408017730712893,-10.499999875,0.014945526123046875
-10.0,2.0408017730712893,-9.999999875,0.004981842041015625
-9.5,2.0457785797119143,-9.499999875,0.00996368408203125
-9.0,2.0358249664306642,-8.999999875,0.004981842041015625
-8.5,2.0358249664306642,-8.499999875,0.004981842041015625
-8.0,2.0408017730712893,-7.999999875,0.004981842041015625
-7.5,2.0408017730712893,-7.499999875,0.004981842041015625
-7.0,2.0358249664306642,-6.999999875,0.004981842041015625
-6.5,2.0358249664306642,-6.499999875,0.004981842041015625
-6.0,2.0408017730712893,-5.999999875,0.004981842041015625
-5.5,2.0457785797119143,-5.499999875,0.00996368408203125
-5.0,2.0408017730712893,-4.999999875,0.00996368408203125
-4.5,2.0358249664306642,-4.499999875,0.00996368408203125
-4.0,2.0408017730712893,-3.999999875,0.00996368408203125
-3.5,2.0358249664306642,-3.499999875,0.004981842041015625
-3.0,2.0358249664306642,-2.999999875,0.004981842041015625
-2.5,2.0507553863525394,-2.499999875,0.014945526123046875
-2.0,2.0457785797119143,-1.999999875,0.00996368408203125
-1.5,2.0408017730712893,-1.499999875,0.004981842041015625
-1.0,2.0358249664306642,-0.999999875,0.014945526123046875
-0.5,2.0358249664306642,-0.499999875,0.004981842041015625
0.0,2.0457785797119143,1.25e-07,0.014945526123046875
0.5,2.0358249664306642,0.500000125,0.014945526123046875
1.0,2.0408017730712893,1.000000125,0.004981842041015625
1.5,2.0358249664306642,1.500000125,0.004981842041015625
2.0,2.0408017730712893,2.000000125,0.014945526123046875
2.5,2.0358249664306642,2.500000125,0.0
3.0,2.0408017730712893,3.000000125,0.0199273681640625
3.5,2.0358249664306642,3.500000125,0.0
4.0,2.0408017730712893,4.000000125,0.014945526123046875
4.5,2.0457785797119143,4.500000125,0.00996368408203125
5.0,2.0408017730712893,5.000000125,0.004981842041015625
5.5,2.0457785797119143,5.500000125,0.00996368408203125
6.0,2.030848159790039,6.000000125,0.004981842041015625
6.5,2.0358249664306642,6.500000125,0.004981842041015625
7.0,2.0457785797119143,7.000000125,0.0
7.5,2.0457785797119143,7.500000125,0.00996368408203125
8.0,2.0408017730712893,8.000000125,0.014945526123046875
8.5,2.0358249664306642,8.500000125,0.004981842041015625
9.0,2.0358249664306642,9.000000125,0.004981842041015625
9.5,2.0408017730712893,9.500000125,0.004981842041015625
10.0,2.0358249664306642,10.000000125,0.004981842041015625
10.5,2.0358249664306642,10.500000125,0.004981842041015625
11.0,2.0358249664306642,11.000000125,0.004981842041015625
11.5,2.0408017730712893,11.500000125,0.004981842041015625
12.0,2.0507553863525394,12.000000125,0.014945526123046875
12.5,2.0408017730712893,12.500000125,0.004981842041015625
13.0,2.0358249664306642,13.000000125,0.00996368408203125
13.5,2.0408017730712893,13.500000125,0.004981842041015625
14.0,2.0408017730712893,14.000000125,0.0199273681640625
14.5,2.0358249664306642,14.500000125,0.004981842041015625
15.0,2.030848159790039,15.000000125,0.004981842041015625
15.5,2.0408017730712893,15.500000125,0.004981842041015625
16.0,2.0408017730712893,16.000000125,0.00996368408203125
16.5,2.0408017730712893,16.500000125,0.00996368408203125
17.0,2.0358249664306642,17.000000125,0.00996368408203125
17.5,2.0358249664306642,17.500000125,0.014945526123046875
18.0,2.0408017730712893,18.000000125,0.00996368408203125
18.5,2.0408017730712893,18.500000125,0.00996368408203125
19.0,2.0457785797119143,19.000000125,0.004981842041015625
19.5,2.0457785797119143,19.500000125,0.00996368408203125
20.0,2.0408017730712893,20.000000125,0.014945526123046875
20.5,2.0408017730712893,20.500000125,0.00996368408203125
21.0,2.030848159790039,21.000000125,0.004981842041015625
21.5,2.0408017730712893,21.500000125,0.004981842041015625
22.0,2.0358249664306642,22.000000125,0.00996368408203125
22.5,2.0408017730712893,22.500000125,0.00996368408203125
23.0,2.0358249664306642,23.000000125,0.00996368408203125
23.5,2.0408017730712893,23.500000125,0.00996368408203125
24.0,2.0408017730712893,24.000000125,0.00996368408203125
24.5,2.030848159790039,24.500000125,0.004981842041015625
25.0,2.0358249664306642,25.000000125,0.014945526123046875
25.5,2.030848159790039,25.500000125,0.0
26.0,2.0408017730712893,26.000000125,0.00996368408203125
26.5,2.0358249664306642,26.500000125,0.014945526123046875
27.0,2.030848159790039,27.000000125,0.004981842041015625
27.5,2.0358249664306642,27.500000125,0.0
28.0,2.0358249664306642,28.000000125,0.00996368408203125
28.5,2.0358249664306642,28.500000125,0.004981842041015625
29.0,2.030848159790039,29.000000125,0.014945526123046875
29.5,2.0358249664306642,29.500000125,0.004981842041015625
30.0,2.0457785797119143,30.000000125,0.014945526123046875
30.5,2.0457785797119143,30.500000125,0.00996368408203125
31.0,2.0358249664306642,31.000000125,0.004981842041015625
31.5,2.0358249664306642,31.500000125,0.004981842041015625
32.0,2.0408017730712893,32.000000125,0.014945526123046875
32.5,2.030848159790039,32.500000125,0.004981842041015625
33.0,2.0408017730712893,33.000000125,0.004981842041015625
33.5,2.0408017730712893,33.500000125,0.014945526123046875
34.0,2.0408017730712893,34.000000125,0.0
34.5,2.0408017730712893,34.500000125,0.00996368408203125
35.0,2.0358249664306642,35.000000125,0.004981842041015625
35.5,2.0358249664306642,35.500000125,0.004981842041015625
36.0,2.030848159790039,36.000000125,0.004981842041015625
36.5,2.0358249664306642,36.500000125,0.004981842041015625
37.0,2.030848159790039,37.000000125,0.014945526123046875
37.5,2.0408017730712893,37.500000125,0.004981842041015625
38.0,2.025871353149414,38.000000125,0.0
38.5,2.0358249664306642,38.500000125,0.004981842041015625
39.0,2.030848159790039,39.000000125,0.0
39.5,2.0358249664306642,39.500000125,0.00996368408203125
40.0,2.0358249664306642,40.000000125,0.004981842041015625
40.5,2.0358249664306642,40.500000125,0.0
41.0,2.0408017730712893,41.000000125,0.00996368408203125
41.5,2.0358249664306642,41.500000125,0.004981842041015625
42.0,2.0408017730712893,42.000000125,0.014945526123046875
42.5,2.0358249664306642,42.500000125,0.004981842041015625
43.0,2.0408017730712893,43.000000125,0.00996368408203125
43.5,2.0358249664306642,43.500000125,0.00996368408203125
44.0,2.0408017730712893,44.000000125,0.014945526123046875
44.5,2.0408017730712893,44.500000125,0.004981842041015625
45.0,2.0408017730712893,45.000000125,-0.004981842041015625
45.5,2.030848159790039,45.500000125,0.00996368408203125
46.0,2.0408017730712893,46.000000125,0.004981842041015625
46.5,2.0358249664306642,46.500000125,0.004981842041015625
47.0,2.0358249664306642,47.000000125,0.00996368408203125
47.5,2.0408017730712893,47.500000125,0.014945526123046875
48.0,2.0408017730712893,48.000000125,0.004981842041015625
48.5,2.0457785797119143,48.500000125,0.00996368408203125
49.0,2.030848159790039,49.000000125,0.004981842041015625
49.5,2.0358249664306642,49.500000125,0.004981842041015625
50.0,2.0358249664306642,50.000000125,0.00996368408203125
50.5,2.0358249664306642,50.500000125,0.0
51.0,2.0358249664306642,51.000000125,0.00996368408203125
51.5,2.055732192993164,51.500000125,0.0199273681640625
52.0,2.0408017730712893,52.000000125,0.00996368408203125
52.5,2.0457785797119143,52.500000125,0.0199273681640625
53.0,2.0457785797119143,53.000000125,0.00996368408203125
53.5,2.0408017730712893,53.500000125,0.004981842041015625
54.0,2.030848159790039,54.000000125,0.004981842041015625
54.5,2.030848159790039,54.500000125,0.004981842041015625
55.0,2.0358249664306642,55.000000125,0.004981842041015625
55.5,2.0358249664306642,55.500000125,0.00996368408203125
56.0,2.0408017730712893,56.000000125,0.00996368408203125
56.5,2.0408017730712893,56.500000125,0.00996368408203125
57.0,2.0358249664306642,57.000000125,0.004981842041015625
57.5,2.0457785797119143,57.500000125,0.00996368408203125
58.0,2.0358249664306642,58.000000125,0.004981842041015625
58.5,2.0358249664306642,58.500000125,0.00996368408203125
59.0,2.0408017730712893,59.000000125,0.014945526123046875
59.5,2.0408017730712893,59.500000125,0.00996368408203125
60.0,2.0457785797119143,60.000000125,0.00996368408203125
60.5,2.0408017730712893,60.500000125,0.014945526123046875
61.0,2.0358249664306642,61.000000125,0.004981842041015625
61.5,2.0408017730712893,61.500000125,0.004981842041015625
62.0,2.0358249664306642,62.000000125,0.004981842041015625
62.5,2.0358249664306642,62.500000125,0.004981842041015625
63.0,2.0408017730712893,63.000000125,0.00996368408203125
63.5,2.0457785797119143,63.500000125,0.004981842041015625
64.0,2.0358249664306642,64.000000125,0.00996368408203125
64.5,2.0358249664306642,64.500000125,0.00996368408203125
65.0,2.0358249664306642,65.000000125,0.004981842041015625
65.5,2.0507553863525394,65.500000125,0.00996368408203125
66.0,2.0358249664306642,66.000000125,0.0
66.5,2.0358249664306642,66.500000125,0.004981842041015625
67.0,2.0358249664306642,67.000000125,0.004981842041015625
67.5,2.030848159790039,67.500000125,0.00996368408203125
68.0,2.0408017730712893,68.000000125,0.0199273681640625
68.5,2.0408017730712893,68.500000125,0.00996368408203125
69.0,2.0358249664306642,69.000000125,0.00996368408203125
69.5,2.0358249664306642,69.500000125,0.00996368408203125
70.0,2.0457785797119143,70.000000125,0.00996368408203125
70.5,2.030848159790039,70.500000125,0.004981842041015625
71.0,2.0408017730712893,71.000000125,0.014945526123046875
71.5,2.0457785797119143,71.500000125,0.004981842041015625
72.0,2.0408017730712893,72.000000125,0.004981842041015625
72.5,2.0358249664306642,72.500000125,0.00996368408203125
73.0,2.0507553863525394,73.000000125,0.00996368408203125
73.5,2.0408017730712893,73.500000125,0.00996368408203125
74.0,2.0408017730712893,74.000000125,0.00996368408203125
74.5,2.030848159790039,74.500000125,0.0
75.0,2.0457785797119143,75.000000125,0.004981842041015625
75.5,2.0408017730712893,75.500000125,0.004981842041015625
76.0,2.0408017730712893,76.000000125,0.004981842041015625
76.5,2.0408017730712893,76.500000125,0.0
77.0,2.0408017730712893,77.000000125,0.00996368408203125
77.5,2.0457785797119143,77.500000125,0.00996368408203125
78.0,2.0358249664306642,78.000000125,0.00996368408203125
78.5,2.0457785797119143,78.500000125,0.0
79.0,2.0408017730712893,79.000000125,0.00996368408203125
79.5,2.0408017730712893,79.500000125,0.0199273681640625
80.0,2.0358249664306642,80.000000125,0.004981842041015625
80.5,2.0358249664306642,80.500000125,0.00996368408203125
81.0,2.0408017730712893,81.000000125,0.004981842041015625
81.5,2.025871353149414,81.500000125,0.004981842041015625
82.0,2.0408017730712893,82.000000125,0.004981842041015625
82.5,2.0408017730712893,82.500000125,0.00996368408203125
83.0,2.0408017730712893,83.000000125,0.004981842041015625
83.5,2.0408017730712893,83.500000125,0.014945526123046875
84.0,2.0358249664306642,84.000000125,0.00996368408203125
84.5,2.030848159790039,84.500000125,0.0
85.0,2.0408017730712893,85.000000125,0.014945526123046875
85.5,2.030848159790039,85.500000125,0.014945526123046875
86.0,2.0408017730712893,86.000000125,0.00996368408203125
86.5,2.0408017730712893,86.500000125,0.00996368408203125
87.0,2.030848159790039,87.000000125,0.00996368408203125
87.5,2.0358249664306642,87.500000125,0.004981842041015625
88.0,2.030848159790039,88.000000125,0.00996368408203125
88.5,2.0408017730712893,88.500000125,0.004981842041015625
89.0,2.030848159790039,89.000000125,0.004981842041015625
89.5,2.0358249664306642,89.500000125,0.00996368408203125
90.0,2.0358249664306642,90.000000125,0.014945526123046875
90.5,2.0408017730712893,90.500000125,0.004981842041015625
91.0,2.0358249664306642,91.000000125,0.004981842041015625
91.5,2.0358249664306642,91.500000125,0.00996368408203125
92.0,2.030848159790039,92.000000125,0.00996368408203125
92.5,2.0358249664306642,92.500000125,0.004981842041015625
93.0,2.030848159790039,93.000000125,0.004981842041015625
93.5,2.0358249664306642,93.500000125,0.004981842041015625
94.0,2.0457785797119143,94.000000125,0.00996368408203125
94.5,2.0408017730712893,94.500000125,0.00996368408203125
95.0,2.0358249664306642,95.000000125,0.0
95.5,2.0358249664306642,95.500000125,0.004981842041015625
96.0,2.0358249664306642,96.000000125,0.004981842041015625
96.5,2.0457785797119143,96.500000125,0.00996368408203125
97.0,2.0408017730712893,97.000000125,0.004981842041015625
97.5,2.0408017730712893,97.500000125,0.004981842041015625
98.0,2.0358249664306642,98.000000125,0.00996368408203125
98.5,2.0358249664306642,98.500000125,0.004981842041015625
99.0,2.0408017730712893,99.000000125,0.014945526123046875
99.5,2.0358249664306642,99.500000125,0.004981842041015625
100.0,2.0457785797119143,100.000000125,0.00996368408203125
100.5,2.0408017730712893,100.500000125,0.00996368408203125
101.0,2.030848159790039,101.000000125,0.0
101.5,2.0358249664306642,101.500000125,0.00996368408203125
102.0,2.0358249664306642,102.000000125,0.004981842041015625
102.5,2.0358249664306642,102.500000125,0.00996368408203125
103.0,2.0408017730712893,103.000000125,0.004981842041015625
103.5,2.030848159790039,103.500000125,0.0
104.0,2.0358249664306642,104.000000125,0.014945526123046875
104.5,2.0358249664306642,104.500000125,0.004981842041015625
105.0,2.025871353149414,105.000000125,0.0
105.5,2.0358249664306642,105.500000125,0.004981842041015625
106.0,2.0408017730712893,106.000000125,0.00996368408203125
106.5,2.0358249664306642,106.500000125,0.014945526123046875
107.0,2.0457785797119143,107.000000125,0.00996368408203125
107.5,2.0457785797119143,107.500000125,0.00996368408203125
108.0,2.0358249664306642,108.000000125,0.0
108.5,2.0408017730712893,108.500000125,0.004981842041015625
109.0,2.0457785797119143,109.000000125,0.00996368408203125
109.5,2.0408017730712893,109.500000125,0.00996368408203125
110.0,2.0457785797119143,110.000000125,0.004981842041015625
110.5,2.0358249664306642,110.500000125,0.004981842041015625
111.0,2.0408017730712893,111.000000125,-0.004981842041015625
111.5,2.0358249664306642,111.500000125,0.0
112.0,2.0457785797119143,112.000000125,0.00996368408203125
112.5,2.0408017730712893,112.500000125,0.004981842041015625
113.0,2.0358249664306642,113.000000125,0.0
113.5,2.0408017730712893,113.500000125,0.004981842041015625
114.0,2.0358249664306642,114.000000125,0.004981842041015625
114.5,2.030848159790039,114.500000125,0.0
115.0,2.0408017730712893,115.000000125,0.0
115.5,2.0358249664306642,115.500000125,0.004981842041015625
116.0,2.0358249664306642,116.000000125,0.004981842041015625
116.5,2.030848159790039,116.500000125,0.00996368408203125
117.0,2.030848159790039,117.000000125,0.00996368408203125
117.5,2.030848159790039,117.500000125,0.004981842041015625
118.0,2.0408017730712893,118.000000125,-0.004981842041015625
118.5,2.030848159790039,118.500000125,0.0
119.0,2.0408017730712893,119.000000125,0.004981842041015625
119.5,2.0408017730712893,119.500000125,0.0
120.0,2.030848159790039,120.000000125,0.004981842041015625
120.5,2.0358249664306642,120.500000125,0.004981842041015625
121.0,2.0408017730712893,121.000000125,0.004981842041015625
121.5,2.0358249664306642,121.500000125,0.0
122.0,2.0408017730712893,122.000000125,0.00996368408203125
122.5,2.0408017730712893,122.500000125,0.0
123.0,2.0408017730712893,123.000000125,0.00996368408203125
123.5,2.0358249664306642,123.500000125,-0.004981842041015625
124.0,2.0358249664306642,124.000000125,0.004981842041015625
124.5,2.0457785797119143,124.500000125,0.00996368408203125
125.0,2.0457785797119143,125.000000125,0.00996368408203125
125.5,2.030848159790039,125.500000125,0.0
126.0,2.0408017730712893,126.000000125,0.00996368408203125
126.5,2.0408017730712893,126.500000125,0.00996368408203125
127.0,2.0358249664306642,127.000000125,0.004981842041015625
127.5,2.0457785797119143,127.500000125,0.004981842041015625
128.0,2.0358249664306642,128.000000125,0.014945526123046875
128.5,2.0408017730712893,128.500000125,0.004981842041015625
129.0,2.0358249664306642,129.000000125,0.0
129.5,2.0457785797119143,129.500000125,0.014945526123046875
130.0,2.030848159790039,130.000000125,-0.004981842041015625
130.5,2.030848159790039,130.500000125,0.0
131.0,2.0408017730712893,131.000000125,-0.004981842041015625
131.5,2.0408017730712893,131.500000125,0.004981842041015625
132.0,2.0358249664306642,132.000000125,0.004981842041015625
132.5,2.030848159790039,132.500000125,0.004981842041015625
133.0,2.0358249664306642,133.000000125,0.004981842041015625
133.5,2.0408017730712893,133.500000125,0.00996368408203125
134.0,2.0358249664306642,134.000000125,0.004981842041015625
134.5,2.030848159790039,134.500000125,-0.004981842041015625
135.0,2.0408017730712893,135.000000125,0.004981842041015625
135.5,2.0358249664306642,135.500000125,0.004981842041015625
136.0,2.0408017730712893,136.000000125,0.004981842041015625
136.5,2.0358249664306642,136.500000125,0.004981842041015625
137.0,2.0358249664306642,137.000000125,0.004981842041015625
137.5,2.0408017730712893,137.500000125,0.00996368408203125
138.0,2.0358249664306642,138.000000125,0.004981842041015625
138.5,2.030848159790039,138.500000125,0.00996368408203125
139.0,2.0408017730712893,139.000000125,0.00996368408203125
139.5,2.030848159790039,139.500000125,0.004981842041015625
140.0,2.030848159790039,140.000000125,-0.004981842041015625
140.5,2.0358249664306642,140.500000125,0.004981842041015625
141.0,2.030848159790039,141.000000125,0.0
141.5,2.030848159790039,141.500000125,0.004981842041015625
142.0,2.030848159790039,142.000000125,0.004981842041015625
142.5,2.0358249664306642,142.500000125,0.0
143.0,2.030848159790039,143.000000125,0.0
143.5,2.030848159790039,143.500000125,0.004981842041015625
144.0,2.0457785797119143,144.000000125,0.014945526123046875
144.5,2.0358249664306642,144.500000125,0.00996368408203125
145.0,2.0408017730712893,145.000000125,0.00996368408203125
145.5,2.0358249664306642,145.500000125,0.004981842041015625
146.0,2.025871353149414,146.000000125,0.004981842041015625
146.5,2.0358249664306642,146.500000125,0.0
147.0,2.0358249664306642,147.000000125,0.004981842041015625
147.5,2.0408017730712893,147.500000125,0.004981842041015625
148.0,2.030848159790039,148.000000125,0.0
148.5,2.0408017730712893,148.500000125,0.004981842041015625
149.0,2.030848159790039,149.000000125,0.004981842041015625
149.5,2.030848159790039,149.500000125,0.00996368408203125
150.0,2.0408017730712893,150.000000125,0.004981842041015625
150.5,2.0457785797119143,150.500000125,0.00996368408203125
151.0,2.0358249664306642,151.000000125,0.00996368408203125
151.5,2.030848159790039,151.500000125,0.004981842041015625
152.0,2.0358249664306642,152.000000125,0.00996368408203125
152.5,2.0358249664306642,152.500000125,0.004981842041015625
153.0,2.0408017730712893,153.000000125,0.00996368408203125
153.5,2.0408017730712893,153.500000125,0.004981842041015625
154.0,2.0358249664306642,154.000000125,0.004981842041015625
154.5,2.0358249664306642,154.500000125,0.004981842041015625
155.0,2.025871353149414,155.000000125,0.0
155.5,2.0358249664306642,155.500000125,0.0
156.0,2.0358249664306642,156.000000125,0.004981842041015625
156.5,2.0408017730712893,156.500000125,0.0
157.0,2.0408017730712893,157.000000125,0.00996368408203125
157.5,2.0358249664306642,157.500000125,0.00996368408203125
158.0,2.0408017730712893,158.000000125,0.004981842041015625
158.5,2.0358249664306642,158.500000125,0.00996368408203125
159.0,2.0408017730712893,159.000000125,0.004981842041015625
159.5,2.0408017730712893,159.500000125,0.004981842041015625
160.0,2.0408017730712893,160.000000125,0.004981842041015625
160.5,2.030848159790039,160.500000125,0.004981842041015625
161.0,2.0358249664306642,161.000000125,0.0
161.5,2.0408017730712893,161.500000125,0.00996368408203125
162.0,2.0408017730712893,162.000000125,0.004981842041015625
162.5,2.025871353149414,162.500000125,0.0
163.0,2.020894546508789,163.000000125,0.004981842041015625
163.5,2.0358249664306642,163.500000125,0.0
164.0,2.030848159790039,164.000000125,-0.004981842041015625
164.5,2.030848159790039,164.500000125,0.0
165.0,2.0358249664306642,165.000000125,0.004981842041015625
165.5,2.0358249664306642,165.500000125,0.00996368408203125
166.0,2.0457785797119143,166.000000125,0.004981842041015625
166.5,2.0457785797119143,166.500000125,0.014945526123046875
167.0,2.0457785797119143,167.000000125,0.0
167.5,2.0457785797119143,167.500000125,0.014945526123046875
168.0,2.0408017730712893,168.000000125,0.00996368408203125
168.5,2.0358249664306642,168.500000125,0.004981842041015625
169.0,2.0408017730712893,169.000000125,0.004981842041015625
169.5,2.0408017730712893,169.500000125,0.004981842041015625
170.0,2.0408017730712893,170.000000125,0.004981842041015625
170.5,2.0408017730712893,170.500000125,0.00996368408203125
171.0,2.0408017730712893,171.000000125,0.0
171.5,2.0457785797119143,171.500000125,0.004981842041015625
172.0,2.0358249664306642,172.000000125,0.00996368408203125
172.5,2.0358249664306642,172.500000125,0.00996368408203125
173.0,2.0408017730712893,173.000000125,0.00996368408203125
173.5,2.0408017730712893,173.500000125,0.00996368408203125
174.0,2.0408017730712893,174.000000125,0.014945526123046875
174.5,2.0408017730712893,174.500000125,0.004981842041015625
175.0,2.0358249664306642,175.000000125,0.0
175.5,2.0358249664306642,175.500000125,0.004981842041015625
176.0,2.0457785797119143,176.000000125,0.00996368408203125
176.5,2.0457785797119143,176.500000125,0.00996368408203125
177.0,2.0408017730712893,177.000000125,0.004981842041015625
177.5,2.0358249664306642,177.500000125,0.004981842041015625
178.0,2.0408017730712893,178.000000125,0.004981842041015625
178.5,2.0457785797119143,178.500000125,0.004981842041015625
179.0,2.0408017730712893,179.000000125,0.00996368408203125
179.5,2.0457785797119143,179.500000125,0.00996368408203125
180.0,2.0358249664306642,180.000000125,0.004981842041015625
180.5,2.0358249664306642,180.500000125,0.00996368408203125
181.0,2.0408017730712893,181.000000125,0.004981842041015625
181.5,2.030848159790039,181.500000125,0.004981842041015625
182.0,2.0457785797119143,182.000000125,0.00996368408203125
182.5,2.0358249664306642,182.500000125,0.0
183.0,2.030848159790039,183.000000125,0.00996368408203125
183.5,2.0408017730712893,183.500000125,0.00996368408203125
184.0,2.0358249664306642,184.000000125,0.00996368408203125
184.5,2.0358249664306642,184.500000125,0.004981842041015625
185.0,2.0408017730712893,185.000000125,0.00996368408203125
185.5,2.0408017730712893,185.500000125,0.014945526123046875
186.0,2.0358249664306642,186.000000125,0.00996368408203125
186.5,2.0358249664306642,186.500000125,0.00996368408203125
187.0,2.030848159790039,187.000000125,0.004981842041015625
187.5,2.0408017730712893,187.500000125,0.004981842041015625
188.0,2.0358249664306642,188.000000125,0.00996368408203125
188.5,2.0358249664306642,188.500000125,0.00996368408203125
189.0,2.030848159790039,189.000000125,0.004981842041015625
189.5,2.0408017730712893,189.500000125,0.0
190.0,2.0358249664306642,190.000000125,0.004981842041015625
190.5,2.030848159790039,190.500000125,0.004981842041015625
191.0,2.030848159790039,191.000000125,0.004981842041015625
191.5,2.025871353149414,191.500000125,0.0
192.0,2.0408017730712893,192.000000125,0.00996368408203125
192.5,2.0408017730712893,192.500000125,0.014945526123046875
193.0,2.030848159790039,193.000000125,0.00996368408203125
193.5,2.0358249664306642,193.500000125,0.0
194.0,2.030848159790039,194.000000125,0.004981842041015625
194.5,2.0358249664306642,194.500000125,0.004981842041015625
195.0,2.0358249664306642,195.000000125,0.00996368408203125
195.5,2.0408017730712893,195.500000125,0.014945526123046875
196.0,2.030848159790039,196.000000125,0.0
196.5,2.0408017730712893,196.500000125,0.00996368408203125
197.0,2.0408017730712893,197.000000125,0.00996368408203125
197.5,2.025871353149414,197.500000125,0.00996368408203125
198.0,2.0358249664306642,198.000000125,0.004981842041015625
198.5,2.0408017730712893,198.500000125,0.00996368408203125
199.0,2.0358249664306642,199.000000125,0.00996368408203125
199.5,2.0408017730712893,199.500000125,0.004981842041015625
200.0,2.0408017730712893,200.000000125,0.00996368408203125
200.5,2.0358249664306642,200.500000125,0.00996368408203125
201.0,2.030848159790039,201.000000125,0.004981842041015625
201.5,2.0358249664306642,201.500000125,0.0
202.0,2.0358249664306642,202.000000125,0.004981842041015625
202.5,2.0358249664306642,202.500000125,0.004981842041015625
203.0,2.0457785797119143,203.000000125,0.004981842041015625
203.5,2.0408017730712893,203.500000125,0.00996368408203125
204.0,2.030848159790039,204.000000125,0.0
204.5,2.0408017730712893,204.500000125,0.00996368408203125
205.0,2.0358249664306642,205.000000125,0.004981842041015625
205.5,2.0358249664306642,205.500000125,0.00996368408203125
206.0,2.0358249664306642,206.000000125,0.0
206.5,2.0408017730712893,206.500000125,0.00996368408203125
207.0,2.0358249664306642,207.000000125,0.0
207.5,2.0408017730712893,207.500000125,0.004981842041015625
208.0,2.0457785797119143,208.000000125,0.014945526123046875
208.5,2.0408017730712893,208.500000125,0.004981842041015625
209.0,2.0457785797119143,209.000000125,0.00996368408203125
209.5,2.0408017730712893,209.500000125,0.00996368408203125
210.0,2.0408017730712893,210.000000125,0.0
210.5,2.0358249664306642,210.500000125,0.0
211.0,2.0457785797119143,211.000000125,0.00996368408203125
211.5,2.0358249664306642,211.500000125,0.004981842041015625
212.0,2.0358249664306642,212.000000125,0.004981842041015625
212.5,2.0358249664306642,212.500000125,0.004981842041015625
213.0,2.030848159790039,213.000000125,0.004981842041015625
213.5,2.0358249664306642,213.500000125,0.004981842041015625
214.0,2.0408017730712893,214.000000125,0.004981842041015625
214.5,2.0408017730712893,214.500000125,0.0
215.0,2.0358249664306642,215.000000125,0.00996368408203125
215.5,2.030848159790039,215.500000125,0.0
216.0,2.030848159790039,216.000000125,0.0
216.5,2.030848159790039,216.500000125,0.00996368408203125
217.0,2.0358249664306642,217.000000125,0.00996368408203125
217.5,2.0408017730712893,217.500000125,0.00996368408203125
218.0,2.0408017730712893,218.000000125,0.004981842041015625
218.5,2.0408017730712893,218.500000125,0.014945526123046875
219.0,2.0358249664306642,219.000000125,0.004981842041015625
219.5,2.0457785797119143,219.500000125,0.00996368408203125
220.0,2.0408017730712893,220.000000125,0.014945526123046875
220.5,2.0408017730712893,220.500000125,0.00996368408203125
221.0,2.0408017730712893,221.000000125,0.004981842041015625
221.5,2.030848159790039,221.500000125,0.004981842041015625
222.0,2.0408017730712893,222.000000125,0.00996368408203125
222.5,2.0457785797119143,222.500000125,0.00996368408203125
223.0,2.0358249664306642,223.000000125,0.00996368408203125
223.5,2.0408017730712893,223.500000125,0.004981842041015625
224.0,2.0358249664306642,224.000000125,0.004981842041015625
224.5,2.0358249664306642,224.500000125,0.00996368408203125
225.0,2.0358249664306642,225.000000125,0.00996368408203125
225.5,2.0358249664306642,225.500000125,0.00996368408203125
226.0,2.0408017730712893,226.000000125,0.004981842041015625
226.5,2.0408017730712893,226.500000125,0.00996368408203125
227.0,2.0457785797119143,227.000000125,0.00996368408203125
227.5,2.0408017730712893,227.500000125,0.014945526123046875
228.0,2.0358249664306642,228.000000125,0.00996368408203125
228.5,2.0358249664306642,228.500000125,0.004981842041015625
229.0,2.0358249664306642,229.000000125,0.0
229.5,2.0408017730712893,229.500000125,0.004981842041015625
230.0,2.0408017730712893,230.000000125,0.004981842041015625
230.5,2.0408017730712893,230.500000125,0.014945526123046875
231.0,2.0358249664306642,231.000000125,0.004981842041015625
231.5,2.0408017730712893,231.500000125,0.0
232.0,2.0507553863525394,232.000000125,0.004981842041015625
232.5,2.0408017730712893,232.500000125,0.004981842041015625
233.0,2.0358249664306642,233.000000125,0.004981842041015625
233.5,2.030848159790039,233.500000125,0.004981842041015625
234.0,2.030848159790039,234.000000125,0.00996368408203125
234.5,2.0358249664306642,234.500000125,0.004981842041015625
235.0,2.0457785797119143,235.000000125,0.004981842041015625
235.5,2.0408017730712893,235.500000125,0.004981842041015625
236.0,2.030848159790039,236.000000125,0.004981842041015625
236.5,2.0408017730712893,236.500000125,0.014945526123046875
237.0,2.0457785797119143,237.000000125,0.00996368408203125
237.5,2.0408017730712893,237.500000125,-0.004981842041015625
238.0,2.030848159790039,238.000000125,0.0
238.5,2.0408017730712893,238.500000125,0.004981842041015625
239.0,2.0408017730712893,239.000000125,0.004981842041015625
239.5,2.0408017730712893,239.500000125,0.00996368408203125
240.0,2.0358249664306642,240.000000125,0.0
240.5,2.0408017730712893,240.500000125,0.004981842041015625
241.0,2.0457785797119143,241.000000125,0.004981842041015625
241.5,2.0358249664306642,241.500000125,0.00996368408203125
242.0,2.0408017730712893,242.000000125,0.0
242.5,2.0358249664306642,242.500000125,0.00996368408203125
243.0,2.0457785797119143,243.000000125,0.004981842041015625
243.5,2.0408017730712893,243.500000125,0.00996368408203125
244.0,2.020894546508789,244.000000125,0.0
244.5,2.030848159790039,244.500000125,0.004981842041015625
245.0,2.0408017730712893,245.000000125,0.00996368408203125
245.5,2.0457785797119143,245.500000125,0.00996368408203125
246.0,2.0408017730712893,246.000000125,0.004981842041015625
246.5,2.0358249664306642,246.500000125,0.00996368408203125
247.0,2.0358249664306642,247.000000125,0.00996368408203125
247.5,2.030848159790039,247.500000125,-0.004981842041015625
248.0,2.030848159790039,248.000000125,-0.00996368408203125
248.5,2.0358249664306642,248.500000125,0.004981842041015625
249.0,2.0358249664306642,249.000000125,0.0
249.5,2.0408017730712893,249.500000125,0.00996368408203125
250.0,2.0408017730712893,250.000000125,0.004981842041015625
250.5,2.0408017730712893,250.500000125,0.004981842041015625
251.0,2.0408017730712893,251.000000125,0.004981842041015625
251.5,2.030848159790039,251.500000125,0.00996368408203125
252.0,2.0457785797119143,252.000000125,0.004981842041015625
252.5,2.0457785797119143,252.500000125,0.00996368408203125
253.0,2.0358249664306642,253.000000125,0.00996368408203125
253.5,2.0358249664306642,253.500000125,0.0
254.0,2.0457785797119143,254.000000125,0.00996368408203125
254.5,2.0408017730712893,254.500000125,0.004981842041015625
255.0,2.0457785797119143,255.000000125,0.004981842041015625
255.5,2.030848159790039,255.500000125,0.004981842041015625
256.0,2.0358249664306642,256.000000125,-0.004981842041015625
256.5,2.0408017730712893,256.500000125,0.004981842041015625
257.0,2.0358249664306642,257.000000125,0.004981842041015625
257.5,2.0358249664306642,257.500000125,0.014945526123046875
258.0,2.0408017730712893,258.000000125,0.0
258.5,2.0358249664306642,258.500000125,0.00996368408203125
259.0,2.0457785797119143,259.000000125,0.004981842041015625
259.5,2.0408017730712893,259.500000125,0.004981842041015625
260.0,2.0408017730712893,260.000000125,0.00996368408203125
260.5,2.0408017730712893,260.500000125,0.00996368408203125
261.0,2.0408017730712893,261.000000125,0.00996368408203125
261.5,2.0408017730712893,261.500000125,0.00996368408203125
262.0,2.0358249664306642,262.000000125,-0.004981842041015625
262.5,2.0408017730712893,262.500000125,0.004981842041015625
263.0,2.0358249664306642,263.000000125,0.004981842041015625
263.5,2.030848159790039,263.500000125,0.0
264.0,2.0358249664306642,264.000000125,0.004981842041015625
264.5,2.0358249664306642,264.500000125,0.004981842041015625
265.0,2.0408017730712893,265.000000125,0.00996368408203125
265.5,2.0408017730712893,265.500000125,0.014945526123046875
266.0,2.0408017730712893,266.000000125,0.014945526123046875
266.5,2.0457785797119143,266.500000125,0.00996368408203125
267.0,2.0408017730712893,267.000000125,0.004981842041015625
267.5,2.0408017730712893,267.500000125,0.004981842041015625
268.0,2.030848159790039,268.000000125,0.0
268.5,2.030848159790039,268.500000125,0.004981842041015625
269.0,2.0457785797119143,269.000000125,0.00996368408203125
269.5,2.0408017730712893,269.500000125,0.004981842041015625
270.0,2.0358249664306642,270.000000125,0.004981842041015625
270.5,2.0408017730712893,270.500000125,0.00996368408203125
271.0,2.030848159790039,271.000000125,0.004981842041015625
271.5,2.0358249664306642,271.500000125,0.00996368408203125
272.0,2.0408017730712893,272.000000125,0.00996368408203125
272.5,2.0457785797119143,272.500000125,0.014945526123046875
273.0,2.0358249664306642,273.000000125,0.00996368408203125
273.5,2.0408017730712893,273.500000125,0.00996368408203125
274.0,2.0358249664306642,274.000000125,0.004981842041015625
274.5,2.0408017730712893,274.500000125,0.014945526123046875
275.0,2.030848159790039,275.000000125,0.004981842041015625
275.5,2.0358249664306642,275.500000125,0.004981842041015625
276.0,2.0358249664306642,276.000000125,0.004981842041015625
276.5,2.0408017730712893,276.500000125,0.00996368408203125
277.0,2.0408017730712893,277.000000125,0.014945526123046875
277.5,2.0358249664306642,277.500000125,0.00996368408203125
278.0,2.0358249664306642,278.000000125,0.004981842041015625
278.5,2.0358249664306642,278.500000125,0.00996368408203125
279.0,2.0408017730712893,279.000000125,0.004981842041015625
279.5,2.0358249664306642,279.500000125,0.00996368408203125
280.0,2.0408017730712893,280.000000125,0.00996368408203125
280.5,2.030848159790039,280.500000125,0.00996368408203125
281.0,2.0358249664306642,281.000000125,0.004981842041015625
281.5,2.0358249664306642,281.500000125,0.004981842041015625
282.0,2.0457785797119143,282.000000125,0.00996368408203125
282.5,2.030848159790039,282.500000125,0.004981842041015625
283.0,2.0358249664306642,283.000000125,0.0
283.5,2.0358249664306642,283.500000125,0.0
284.0,2.0408017730712893,284.000000125,0.00996368408203125
284.5,2.0408017730712893,284.500000125,0.00996368408203125
285.0,2.0457785797119143,285.000000125,0.00996368408203125
285.5,2.0457785797119143,285.500000125,0.004981842041015625
286.0,2.0457785797119143,286.000000125,0.00996368408203125
286.5,2.0358249664306642,286.500000125,0.00996368408203125
287.0,2.0358249664306642,287.000000125,0.0
287.5,2.0408017730712893,287.500000125,-0.004981842041015625
288.0,2.0408017730712893,288.000000125,0.00996368408203125
288.5,2.0358249664306642,288.500000125,0.004981842041015625
289.0,2.0358249664306642,289.000000125,0.00996368408203125
289.5,2.0358249664306642,289.500000125,0.00996368408203125
290.0,2.0408017730712893,290.000000125,0.00996368408203125
290.5,2.0457785797119143,290.500000125,0.0
291.0,2.030848159790039,291.000000125,0.004981842041015625
291.5,2.0408017730712893,291.500000125,0.004981842041015625
292.0,2.0408017730712893,292.000000125,0.004981842041015625
292.5,2.0358249664306642,292.500000125,0.00996368408203125
293.0,2.0408017730712893,293.000000125,0.00996368408203125
293.5,2.0408017730712893,293.500000125,0.00996368408203125
294.0,2.0358249664306642,294.000000125,0.004981842041015625
294.5,2.0457785797119143,294.500000125,0.00996368408203125
295.0,2.030848159790039,295.000000125,0.004981842041015625
295.5,2.0408017730712893,295.500000125,0.014945526123046875
296.0,2.0457785797119143,296.000000125,0.0199273681640625
296.5,2.0408017730712893,296.500000125,0.00996368408203125
297.0,2.0358249664306642,297.000000125,0.00996368408203125
297.5,2.0408017730712893,297.500000125,0.00996368408203125
298.0,2.0457785797119143,298.000000125,0.004981842041015625
298.5,2.0358249664306642,298.500000125,0.00996368408203125
299.0,2.0408017730712893,299.000000125,0.004981842041015625
299.5,2.0408017730712893,299.500000125,0.0
300.0,2.030848159790039,300.000000125,0.00996368408203125
300.5,2.0457785797119143,300.500000125,0.00996368408203125
301.0,2.0408017730712893,301.000000125,0.004981842041015625
301.5,2.0358249664306642,301.500000125,0.014945526123046875
302.0,2.0408017730712893,302.000000125,0.00996368408203125
302.5,2.0358249664306642,302.500000125,0.004981842041015625
303.0,2.0358249664306642,303.000000125,0.00996368408203125
303.5,2.0408017730712893,303.500000125,0.00996368408203125
304.0,2.0408017730712893,304.000000125,0.014945526123046875
304.5,2.0408017730712893,304.500000125,0.004981842041015625
305.0,2.030848159790039,305.000000125,0.00996368408203125
305.5,2.0358249664306642,305.500000125,0.014945526123046875
306.0,2.0408017730712893,306.000000125,0.014945526123046875
306.5,2.025871353149414,306.500000125,0.004981842041015625
307.0,2.0358249664306642,307.000000125,0.00996368408203125
307.5,2.0358249664306642,307.500000125,0.00996368408203125
308.0,2.0358249664306642,308.000000125,0.00996368408203125
308.5,2.0408017730712893,308.500000125,0.014945526123046875
309.0,2.0408017730712893,309.000000125,0.00996368408203125
309.5,2.0358249664306642,309.500000125,0.004981842041015625
310.0,2.0408017730712893,310.000000125,0.00996368408203125
310.5,2.030848159790039,310.500000125,0.004981842041015625
311.0,2.0358249664306642,311.000000125,0.004981842041015625
311.5,2.0358249664306642,311.500000125,0.004981842041015625
312.0,2.0358249664306642,312.000000125,0.0
312.5,2.0408017730712893,312.500000125,0.014945526123046875
313.0,2.0358249664306642,313.000000125,0.0
313.5,2.030848159790039,313.500000125,0.004981842041015625
314.0,2.0358249664306642,314.000000125,0.00996368408203125
314.5,2.0408017730712893,314.500000125,0.00996368408203125
315.0,2.0408017730712893,315.000000125,0.00996368408203125
315.5,2.0408017730712893,315.500000125,0.00996368408203125
316.0,2.0358249664306642,316.000000125,0.00996368408203125
316.5,2.0408017730712893,316.500000125,0.00996368408203125
317.0,2.0358249664306642,317.000000125,0.004981842041015625
317.5,2.0358249664306642,317.500000125,0.00996368408203125
318.0,2.0457785797119143,318.000000125,0.00996368408203125
318.5,2.030848159790039,318.500000125,0.0
319.0,2.0358249664306642,319.000000125,0.004981842041015625
319.5,2.0358249664306642,319.500000125,0.004981842041015625
320.0,2.0358249664306642,320.000000125,0.00996368408203125
320.5,2.0457785797119143,320.500000125,0.00996368408203125
321.0,2.030848159790039,321.000000125,0.004981842041015625
321.5,2.0408017730712893,321.500000125,0.004981842041015625
322.0,2.0408017730712893,322.000000125,0.014945526123046875
322.5,2.0358249664306642,322.500000125,0.00996368408203125
323.0,2.0358249664306642,323.000000125,0.00996368408203125
323.5,2.030848159790039,323.500000125,0.0
324.0,2.0408017730712893,324.000000125,0.014945526123046875
324.5,2.0408017730712893,324.500000125,0.00996368408203125
325.0,2.0358249664306642,325.000000125,0.00996368408203125
325.5,2.0358249664306642,325.500000125,0.00996368408203125
326.0,2.0408017730712893,326.000000125,0.014945526123046875
326.5,2.0408017730712893,326.500000125,0.0
327.0,2.0408017730712893,327.000000125,0.004981842041015625
327.5,2.0408017730712893,327.500000125,0.00996368408203125
328.0,2.0408017730712893,328.000000125,0.00996368408203125
328.5,2.0457785797119143,328.500000125,0.014945526123046875
329.0,2.0408017730712893,329.000000125,0.00996368408203125
329.5,2.0408017730712893,329.500000125,0.004981842041015625
330.0,2.0408017730712893,330.000000125,0.00996368408203125
330.5,2.0408017730712893,330.500000125,0.004981842041015625
331.0,2.0408017730712893,331.000000125,0.00996368408203125
331.5,2.0457785797119143,331.500000125,0.00996368408203125
332.0,2.0457785797119143,332.000000125,0.00996368408203125
332.5,2.0408017730712893,332.500000125,0.00996368408203125
333.0,2.0408017730712893,333.000000125,0.004981842041015625
333.5,2.0358249664306642,333.500000125,0.00996368408203125
334.0,2.0358249664306642,334.000000125,0.014945526123046875
334.5,2.0408017730712893,334.500000125,0.004981842041015625
335.0,2.0408017730712893,335.000000125,0.014945526123046875
335.5,2.0358249664306642,335.500000125,0.004981842041015625
336.0,2.0457785797119143,336.000000125,0.004981842041015625
336.5,2.0408017730712893,336.500000125,0.004981842041015625
337.0,2.0358249664306642,337.000000125,0.0
337.5,2.030848159790039,337.500000125,0.0
338.0,2.0408017730712893,338.000000125,0.00996368408203125
338.5,2.0358249664306642,338.500000125,0.004981842041015625
339.0,2.030848159790039,339.000000125,0.0
339.5,2.0457785797119143,339.500000125,0.014945526123046875
340.0,2.0358249664306642,340.000000125,0.00996368408203125
340.5,2.0408017730712893,340.500000125,0.00996368408203125
341.0,2.0457785797119143,341.000000125,0.00996368408203125
341.5,2.0408017730712893,341.500000125,0.014945526123046875
342.0,2.0457785797119143,342.000000125,0.014945526123046875
342.5,2.0358249664306642,342.500000125,0.0
343.0,2.0358249664306642,343.000000125,0.0
343.5,2.0358249664306642,343.500000125,0.004981842041015625
344.0,2.0408017730712893,344.000000125,0.004981842041015625
344.5,2.0358249664306642,344.500000125,0.00996368408203125
345.0,2.0358249664306642,345.000000125,0.004981842041015625
345.5,2.0358249664306642,345.500000125,0.00996368408203125
346.0,2.0408017730712893,346.000000125,0.004981842041015625
346.5,2.0408017730712893,346.500000125,0.004981842041015625
347.0,2.0358249664306642,347.000000125,0.004981842041015625
347.5,2.0358249664306642,347.500000125,0.004981842041015625
348.0,2.0408017730712893,348.000000125,0.0199273681640625
348.5,2.0457785797119143,348.500000125,0.004981842041015625
349.0,2.030848159790039,349.000000125,0.00996368408203125
349.5,2.0358249664306642,349.500000125,0.004981842041015625
350.0,2.025871353149414,350.000000125,0.0
350.5,2.0358249664306642,350.500000125,0.00996368408203125
351.0,2.0408017730712893,351.000000125,0.014945526123046875
351.5,2.0408017730712893,351.500000125,0.004981842041015625
352.0,2.0457785797119143,352.000000125,0.00996368408203125
352.5,2.0408017730712893,352.500000125,0.00996368408203125
353.0,2.0408017730712893,353.000000125,0.00996368408203125
353.5,2.0408017730712893,353.500000125,0.014945526123046875
354.0,2.0408017730712893,354.000000125,0.00996368408203125
354.5,2.0358249664306642,354.500000125,0.014945526123046875
355.0,2.0358249664306642,355.000000125,0.014945526123046875
355.5,2.0457785797119143,355.500000125,0.014945526123046875
356.0,2.0358249664306642,356.000000125,0.0
356.5,2.030848159790039,356.500000125,0.00996368408203125
357.0,2.0358249664306642,357.000000125,0.00996368408203125
357.5,2.030848159790039,357.500000125,0.00996368408203125
358.0,2.0358249664306642,358.000000125,0.004981842041015625
358.5,2.0408017730712893,358.500000125,0.00996368408203125
359.0,2.0358249664306642,359.000000125,0.004981842041015625
359.5,2.0358249664306642,359.500000125,0.00996368408203125
360.0,2.030848159790039,360.000000125,0.004981842041015625
360.5,2.0358249664306642,360.500000125,0.00996368408203125
361.0,2.030848159790039,361.000000125,0.0
361.5,2.030848159790039,361.500000125,0.004981842041015625
362.0,2.030848159790039,362.000000125,0.004981842041015625
362.5,2.0358249664306642,362.500000125,0.004981842041015625
363.0,2.0457785797119143,363.000000125,0.00996368408203125
363.5,2.0358249664306642,363.500000125,0.00996368408203125
364.0,2.0408017730712893,364.000000125,0.004981842041015625
364.5,2.030848159790039,364.500000125,0.014945526123046875
365.0,2.030848159790039,365.000000125,0.0
365.5,2.025871353149414,365.500000125,0.00996368408203125
366.0,2.0358249664306642,366.000000125,0.004981842041015625
366.5,2.0358249664306642,366.500000125,0.00996368408203125
367.0,2.0457785797119143,367.000000125,0.004981842041015625
367.5,2.030848159790039,367.500000125,0.0
368.0,2.0457785797119143,368.000000125,0.004981842041015625
368.5,2.030848159790039,368.500000125,0.004981842041015625
369.0,2.030848159790039,369.000000125,0.004981842041015625
369.5,2.0358249664306642,369.500000125,0.014945526123046875
370.0,2.0408017730712893,370.000000125,0.00996368408203125
370.5,2.030848159790039,370.500000125,0.00996368408203125
371.0,2.0408017730712893,371.000000125,0.014945526123046875
371.5,2.0408017730712893,371.500000125,0.00996368408203125
372.0,2.0358249664306642,372.000000125,0.004981842041015625
372.5,2.0408017730712893,372.500000125,0.004981842041015625
373.0,2.0408017730712893,373.000000125,0.014945526123046875
373.5,2.0358249664306642,373.500000125,0.0
374.0,2.030848159790039,374.000000125,0.00996368408203125
374.5,2.0457785797119143,374.500000125,0.014945526123046875
